#CALIBRATION,STARTS,20191022,150750548,15377,,,,,,,,,,,,
#CALIBRATION,ENDS,20191022,150759257,24086,successful,,,,,,,,,,,
#EXPERIMENT,START,20191022,150800646,25475,10/22/2019 3:08:00 PM,,,,,,,,,,,
#VIDEO,STARTS,20191022,150800649,25478,G2FormationPace,360Video,ERP,2048x1024,10s,29.97fps,crf10,15940k,8bit,H265,,
#VIDEO,ENDS,20191022,150810679,35509,,,,,,,,,,,,
#RATING,STARTS,20191022,150810710,35539,,,,,,,,,,,,
#RATING,ENDS,20191022,150811768,36597,3,1.0507193,G2FormationPace,360Video,ERP,2048x1024,10s,29.97fps,crf10,15940k,8bit,H265
#VIDEO,STARTS,20191022,150811891,36720,G4Alcatraz,360Video,ERP,6144x3072,10s,29.97fps,QP37,9157k,8bit,H265,,
#VIDEO,ENDS,20191022,150821925,46754,,,,,,,,,,,,
#RATING,STARTS,20191022,150822160,46989,,,,,,,,,,,,
#RATING,ENDS,20191022,150823721,48550,4,1.5605592,G4Alcatraz,360Video,ERP,6144x3072,10s,29.97fps,QP37,9157k,8bit,H265
#VIDEO,STARTS,20191022,150823722,48551,G4Alcatraz,360Video,ERP,4096x2048,10s,29.97fps,QP27,19339k,8bit,H265,,
#VIDEO,ENDS,20191022,150833744,58573,,,,,,,,,,,,
#RATING,STARTS,20191022,150833857,58686,,,,,,,,,,,,
#RATING,ENDS,20191022,150834646,59475,4,0.7890415,G4Alcatraz,360Video,ERP,4096x2048,10s,29.97fps,QP27,19339k,8bit,H265
#VIDEO,STARTS,20191022,150834647,59476,G2FormationPace,360Video,ERP,4096x2048,10s,29.97fps,QP37,1454k,8bit,H265,,
#VIDEO,ENDS,20191022,150844680,69509,,,,,,,,,,,,
#RATING,STARTS,20191022,150844786,69615,,,,,,,,,,,,
#RATING,ENDS,20191022,150845751,70580,2,0.9640181,G2FormationPace,360Video,ERP,4096x2048,10s,29.97fps,QP37,1454k,8bit,H265
#VIDEO,STARTS,20191022,150845921,70750,G2FormationPace,360Video,ERP,6144x3072,10s,29.97fps,QP32,5506k,8bit,H265,,
#VIDEO,ENDS,20191022,150855937,80766,,,,,,,,,,,,
#RATING,STARTS,20191022,150856176,81005,,,,,,,,,,,,
#RATING,ENDS,20191022,150857031,81860,3,0.8532372,G2FormationPace,360Video,ERP,6144x3072,10s,29.97fps,QP32,5506k,8bit,H265
#VIDEO,STARTS,20191022,150857973,82802,G2FormationPace,360Video,ERP,7680x3840,10s,29.97fps,QP27,15079k,8bit,H265,,
#VIDEO,ENDS,20191022,150908001,92830,,,,,,,,,,,,
#RATING,STARTS,20191022,150908358,93187,,,,,,,,,,,,
#RATING,ENDS,20191022,150909044,93873,4,0.6847702,G2FormationPace,360Video,ERP,7680x3840,10s,29.97fps,QP27,15079k,8bit,H265
#VIDEO,STARTS,20191022,150909045,93874,G2FormationPace,360Video,ERP,3600x1800,10s,29.97fps,QP42,498k,8bit,H265,,
#VIDEO,ENDS,20191022,150919070,103899,,,,,,,,,,,,
#RATING,STARTS,20191022,150919155,103984,,,,,,,,,,,,
#RATING,ENDS,20191022,150920520,105349,1,1.3651072,G2FormationPace,360Video,ERP,3600x1800,10s,29.97fps,QP42,498k,8bit,H265
#VIDEO,STARTS,20191022,150920523,105352,G2FormationPace,360Video,ERP,3600x1800,10s,29.97fps,QP22,9834k,8bit,H265,,
#VIDEO,ENDS,20191022,150930554,115383,,,,,,,,,,,,
#RATING,STARTS,20191022,150930635,115464,,,,,,,,,,,,
#RATING,ENDS,20191022,150931578,116407,3,0.942049,G2FormationPace,360Video,ERP,3600x1800,10s,29.97fps,QP22,9834k,8bit,H265
#VIDEO,STARTS,20191022,150931581,116410,G2FormationPace,360Video,ERP,4096x2048,10s,29.97fps,QP27,6091k,8bit,H265,,
#VIDEO,ENDS,20191022,150941609,126438,,,,,,,,,,,,
#RATING,STARTS,20191022,150941713,126542,,,,,,,,,,,,
#RATING,ENDS,20191022,150943675,128504,4,1.9609554,G2FormationPace,360Video,ERP,4096x2048,10s,29.97fps,QP27,6091k,8bit,H265
#VIDEO,STARTS,20191022,150943676,128505,G2FormationPace,360Video,ERP,4096x2048,10s,29.97fps,QP42,616k,8bit,H265,,
#VIDEO,ENDS,20191022,150953698,138527,,,,,,,,,,,,
#RATING,STARTS,20191022,150953801,138630,,,,,,,,,,,,
#RATING,ENDS,20191022,150954462,139291,1,0.6591798,G2FormationPace,360Video,ERP,4096x2048,10s,29.97fps,QP42,616k,8bit,H265
#VIDEO,STARTS,20191022,150954463,139292,G2FormationPace,360Video,ERP,2048x1024,10s,29.97fps,QP37,412k,8bit,H265,,
#VIDEO,ENDS,20191022,151004499,149328,,,,,,,,,,,,
#RATING,STARTS,20191022,151004528,149357,,,,,,,,,,,,
#RATING,ENDS,20191022,151005368,150197,1,0.8389769,G2FormationPace,360Video,ERP,2048x1024,10s,29.97fps,QP37,412k,8bit,H265
#VIDEO,STARTS,20191022,151005369,150198,G4Alcatraz,360Video,ERP,2048x1024,10s,29.97fps,QP27,6386k,8bit,H265,,
#VIDEO,ENDS,20191022,151015390,160219,,,,,,,,,,,,
#RATING,STARTS,20191022,151015420,160249,,,,,,,,,,,,
#RATING,ENDS,20191022,151016605,161434,2,1.18348,G4Alcatraz,360Video,ERP,2048x1024,10s,29.97fps,QP27,6386k,8bit,H265
#VIDEO,STARTS,20191022,151017616,162445,G4Alcatraz,360Video,ERP,7680x3840,10s,29.97fps,QP22,85273k,8bit,H265,,
#VIDEO,ENDS,20191022,151027631,172461,,,,,,,,,,,,
#RATING,STARTS,20191022,151027983,172812,,,,,,,,,,,,
#RATING,ENDS,20191022,151031683,176512,3,3.6994657,G4Alcatraz,360Video,ERP,7680x3840,10s,29.97fps,QP22,85273k,8bit,H265
#VIDEO,STARTS,20191022,151031685,176514,G4Alcatraz,360Video,ERP,3600x1800,10s,29.97fps,QP27,16033k,8bit,H265,,
#VIDEO,ENDS,20191022,151041716,186545,,,,,,,,,,,,
#RATING,STARTS,20191022,151041804,186633,,,,,,,,,,,,
#RATING,ENDS,20191022,151043279,188108,4,1.4741575,G4Alcatraz,360Video,ERP,3600x1800,10s,29.97fps,QP27,16033k,8bit,H265
#VIDEO,STARTS,20191022,151043517,188346,G2FormationPace,360Video,ERP,6144x3072,10s,29.97fps,crf10,88060k,8bit,H265,,
#VIDEO,ENDS,20191022,151053535,198364,,,,,,,,,,,,
#RATING,STARTS,20191022,151053760,198589,,,,,,,,,,,,
#RATING,ENDS,20191022,151054694,199524,5,0.9334127,G2FormationPace,360Video,ERP,6144x3072,10s,29.97fps,crf10,88060k,8bit,H265
#VIDEO,STARTS,20191022,151054944,199773,G4Alcatraz,360Video,ERP,3600x1800,10s,29.97fps,crf10,82617k,8bit,H265,,
#VIDEO,ENDS,20191022,151104973,209802,,,,,,,,,,,,
#RATING,STARTS,20191022,151105059,209888,,,,,,,,,,,,
#RATING,ENDS,20191022,151105975,210804,4,0.9154173,G4Alcatraz,360Video,ERP,3600x1800,10s,29.97fps,crf10,82617k,8bit,H265
#VIDEO,STARTS,20191022,151106023,210852,G2FormationPace,360Video,ERP,4096x2048,10s,29.97fps,crf10,48673k,8bit,H265,,
#VIDEO,ENDS,20191022,151116043,220872,,,,,,,,,,,,
#RATING,STARTS,20191022,151116158,220987,,,,,,,,,,,,
#RATING,ENDS,20191022,151116944,221773,4,0.7841385,G2FormationPace,360Video,ERP,4096x2048,10s,29.97fps,crf10,48673k,8bit,H265
#VIDEO,STARTS,20191022,151116946,221775,G2FormationPace,360Video,ERP,3600x1800,10s,29.97fps,QP37,1181k,8bit,H265,,
#VIDEO,ENDS,20191022,151126966,231795,,,,,,,,,,,,
#RATING,STARTS,20191022,151127053,231882,,,,,,,,,,,,
#RATING,ENDS,20191022,151128315,233144,3,1.2607954,G2FormationPace,360Video,ERP,3600x1800,10s,29.97fps,QP37,1181k,8bit,H265
#VIDEO,STARTS,20191022,151128316,233145,G2FormationPace,360Video,ERP,2048x1024,10s,29.97fps,QP22,3928k,8bit,H265,,
#VIDEO,ENDS,20191022,151138339,243168,,,,,,,,,,,,
#RATING,STARTS,20191022,151138371,243200,,,,,,,,,,,,
#RATING,ENDS,20191022,151139787,244616,2,1.416169,G2FormationPace,360Video,ERP,2048x1024,10s,29.97fps,QP22,3928k,8bit,H265
#VIDEO,STARTS,20191022,151140169,244999,G4Alcatraz,360Video,ERP,7680x3840,10s,29.97fps,QP32,24887k,8bit,H265,,
#VIDEO,ENDS,20191022,151150188,255017,,,,,,,,,,,,
#RATING,STARTS,20191022,151150548,255377,,,,,,,,,,,,
#RATING,ENDS,20191022,151151336,256165,5,0.7861805,G4Alcatraz,360Video,ERP,7680x3840,10s,29.97fps,QP32,24887k,8bit,H265
#VIDEO,STARTS,20191022,151151337,256166,G4Alcatraz,360Video,ERP,4096x2048,10s,29.97fps,QP37,4943k,8bit,H265,,
#VIDEO,ENDS,20191022,151201358,266187,,,,,,,,,,,,
#RATING,STARTS,20191022,151201462,266291,,,,,,,,,,,,
#RATING,ENDS,20191022,151202260,267089,3,0.7968913,G4Alcatraz,360Video,ERP,4096x2048,10s,29.97fps,QP37,4943k,8bit,H265
#VIDEO,STARTS,20191022,151202261,267090,G4Alcatraz,360Video,ERP,2048x1024,10s,29.97fps,QP42,518k,8bit,H265,,
#VIDEO,ENDS,20191022,151212271,277100,,,,,,,,,,,,
#RATING,STARTS,20191022,151212300,277129,,,,,,,,,,,,
#RATING,ENDS,20191022,151213296,278125,1,0.9961478,G4Alcatraz,360Video,ERP,2048x1024,10s,29.97fps,QP42,518k,8bit,H265
#VIDEO,STARTS,20191022,151213468,278297,G2FormationPace,360Video,ERP,6144x3072,10s,29.97fps,QP42,1228k,8bit,H265,,
#VIDEO,ENDS,20191022,151223498,288327,,,,,,,,,,,,
#RATING,STARTS,20191022,151223736,288565,,,,,,,,,,,,
#RATING,ENDS,20191022,151227292,292121,1,3.5553661,G2FormationPace,360Video,ERP,6144x3072,10s,29.97fps,QP42,1228k,8bit,H265
#VIDEO,STARTS,20191022,151227293,292122,G2FormationPace,360Video,ERP,3600x1800,10s,29.97fps,QP32,2494k,8bit,H265,,
#VIDEO,ENDS,20191022,151237324,302153,,,,,,,,,,,,
#RATING,STARTS,20191022,151237404,302233,,,,,,,,,,,,
#RATING,ENDS,20191022,151238272,303101,2,0.8684285,G2FormationPace,360Video,ERP,3600x1800,10s,29.97fps,QP32,2494k,8bit,H265
#VIDEO,STARTS,20191022,151239793,304622,G4Alcatraz,360Video,ERP,6144x3072,10s,29.97fps,crf10,184095k,8bit,H265,,
#VIDEO,ENDS,20191022,151249824,314653,,,,,,,,,,,,
#RATING,STARTS,20191022,151250050,314879,,,,,,,,,,,,
#RATING,ENDS,20191022,151250950,315779,5,0.898717,G4Alcatraz,360Video,ERP,6144x3072,10s,29.97fps,crf10,184095k,8bit,H265
#VIDEO,STARTS,20191022,151250952,315781,G2FormationPace,360Video,ERP,3600x1800,10s,29.97fps,crf10,40026k,8bit,H265,,
#VIDEO,ENDS,20191022,151300982,325811,,,,,,,,,,,,
#RATING,STARTS,20191022,151301074,325903,,,,,,,,,,,,
#RATING,ENDS,20191022,151301987,326816,4,0.9129224,G2FormationPace,360Video,ERP,3600x1800,10s,29.97fps,crf10,40026k,8bit,H265
#VIDEO,STARTS,20191022,151302270,327099,G2FormationPace,360Video,ERP,6144x3072,10s,29.97fps,QP37,2741k,8bit,H265,,
#VIDEO,ENDS,20191022,151312286,337115,,,,,,,,,,,,
#RATING,STARTS,20191022,151312521,337351,,,,,,,,,,,,
#RATING,ENDS,20191022,151314058,338887,3,1.5371272,G2FormationPace,360Video,ERP,6144x3072,10s,29.97fps,QP37,2741k,8bit,H265
#VIDEO,STARTS,20191022,151314059,338888,G2FormationPace,360Video,ERP,6144x3072,10s,29.97fps,QP22,21564k,8bit,H265,,
#VIDEO,ENDS,20191022,151324082,348911,,,,,,,,,,,,
#RATING,STARTS,20191022,151324312,349141,,,,,,,,,,,,
#RATING,ENDS,20191022,151324969,349798,5,0.6552118,G2FormationPace,360Video,ERP,6144x3072,10s,29.97fps,QP22,21564k,8bit,H265
#VIDEO,STARTS,20191022,151324970,349799,G4Alcatraz,360Video,ERP,3600x1800,10s,29.97fps,QP32,8356k,8bit,H265,,
#VIDEO,ENDS,20191022,151334984,359813,,,,,,,,,,,,
#RATING,STARTS,20191022,151335063,359892,,,,,,,,,,,,
#RATING,ENDS,20191022,151337227,362056,4,2.1624328,G4Alcatraz,360Video,ERP,3600x1800,10s,29.97fps,QP32,8356k,8bit,H265
#VIDEO,STARTS,20191022,151338023,362852,G4Alcatraz,360Video,ERP,7680x3840,10s,29.97fps,crf10,226786k,8bit,H265,,
#VIDEO,ENDS,20191022,151348041,372870,,,,,,,,,,,,
#RATING,STARTS,20191022,151348401,373230,,,,,,,,,,,,
#RATING,ENDS,20191022,151349870,374699,5,1.4693433,G4Alcatraz,360Video,ERP,7680x3840,10s,29.97fps,crf10,226786k,8bit,H265
#VIDEO,STARTS,20191022,151350880,375709,G2FormationPace,360Video,ERP,7680x3840,10s,29.97fps,crf10,120957k,8bit,H265,,
#VIDEO,ENDS,20191022,151400898,385727,,,,,,,,,,,,
#RATING,STARTS,20191022,151401259,386088,,,,,,,,,,,,
#RATING,ENDS,20191022,151402828,387657,5,1.5684415,G2FormationPace,360Video,ERP,7680x3840,10s,29.97fps,crf10,120957k,8bit,H265
#VIDEO,STARTS,20191022,151402875,387704,G2FormationPace,360Video,ERP,7680x3840,10s,29.97fps,QP42,1754k,8bit,H265,,
#VIDEO,ENDS,20191022,151412894,397723,,,,,,,,,,,,
#RATING,STARTS,20191022,151413242,398071,,,,,,,,,,,,
#RATING,ENDS,20191022,151414154,398983,3,0.9127038,G2FormationPace,360Video,ERP,7680x3840,10s,29.97fps,QP42,1754k,8bit,H265
#VIDEO,STARTS,20191022,151414705,399534,G4Alcatraz,360Video,ERP,6144x3072,10s,29.97fps,QP22,63626k,8bit,H265,,
#VIDEO,ENDS,20191022,151424712,409541,,,,,,,,,,,,
#RATING,STARTS,20191022,151424945,409774,,,,,,,,,,,,
#RATING,ENDS,20191022,151426855,411684,5,1.9089013,G4Alcatraz,360Video,ERP,6144x3072,10s,29.97fps,QP22,63626k,8bit,H265
#VIDEO,STARTS,20191022,151426856,411685,G4Alcatraz,360Video,ERP,3600x1800,10s,29.97fps,QP22,29210k,8bit,H265,,
#VIDEO,ENDS,20191022,151436876,421705,,,,,,,,,,,,
#RATING,STARTS,20191022,151436959,421788,,,,,,,,,,,,
#RATING,ENDS,20191022,151438674,423503,4,1.7124246,G4Alcatraz,360Video,ERP,3600x1800,10s,29.97fps,QP22,29210k,8bit,H265
#VIDEO,STARTS,20191022,151438743,423572,G2FormationPace,360Video,ERP,7680x3840,10s,29.97fps,QP32,7561k,8bit,H265,,
#VIDEO,ENDS,20191022,151448750,433579,,,,,,,,,,,,
#RATING,STARTS,20191022,151449126,433955,,,,,,,,,,,,
#RATING,ENDS,20191022,151450121,434950,4,0.9948758,G2FormationPace,360Video,ERP,7680x3840,10s,29.97fps,QP32,7561k,8bit,H265
#VIDEO,STARTS,20191022,151450928,435757,G4Alcatraz,360Video,ERP,7680x3840,10s,29.97fps,QP42,5943k,8bit,H265,,
#VIDEO,ENDS,20191022,151500959,445788,,,,,,,,,,,,
#RATING,STARTS,20191022,151501313,446142,,,,,,,,,,,,
#RATING,ENDS,20191022,151502151,446980,3,0.8365859,G4Alcatraz,360Video,ERP,7680x3840,10s,29.97fps,QP42,5943k,8bit,H265
#VIDEO,STARTS,20191022,151502152,446981,G4Alcatraz,360Video,ERP,2048x1024,10s,29.97fps,QP32,3200k,8bit,H265,,
#VIDEO,ENDS,20191022,151512184,457013,,,,,,,,,,,,
#RATING,STARTS,20191022,151512216,457046,,,,,,,,,,,,
#RATING,ENDS,20191022,151516672,461501,3,4.4545192,G4Alcatraz,360Video,ERP,2048x1024,10s,29.97fps,QP32,3200k,8bit,H265
#VIDEO,STARTS,20191022,151516673,461502,G2FormationPace,360Video,ERP,2048x1024,10s,29.97fps,QP27,1950k,8bit,H265,,
#VIDEO,ENDS,20191022,151526683,471512,,,,,,,,,,,,
#RATING,STARTS,20191022,151526712,471541,,,,,,,,,,,,
#RATING,ENDS,20191022,151527606,472435,2,0.8931186,G2FormationPace,360Video,ERP,2048x1024,10s,29.97fps,QP27,1950k,8bit,H265
#VIDEO,STARTS,20191022,151527607,472436,G2FormationPace,360Video,ERP,4096x2048,10s,29.97fps,QP22,11921k,8bit,H265,,
#VIDEO,ENDS,20191022,151537628,482457,,,,,,,,,,,,
#RATING,STARTS,20191022,151537738,482567,,,,,,,,,,,,
#RATING,ENDS,20191022,151540430,485259,3,2.6910538,G2FormationPace,360Video,ERP,4096x2048,10s,29.97fps,QP22,11921k,8bit,H265
#VIDEO,STARTS,20191022,151540432,485261,G4Alcatraz,360Video,ERP,2048x1024,10s,29.97fps,crf10,31544k,8bit,H265,,
#VIDEO,ENDS,20191022,151550452,495281,,,,,,,,,,,,
#RATING,STARTS,20191022,151550478,495307,,,,,,,,,,,,
#RATING,ENDS,20191022,151551645,496474,3,1.1653913,G4Alcatraz,360Video,ERP,2048x1024,10s,29.97fps,crf10,31544k,8bit,H265
#VIDEO,STARTS,20191022,151551647,496476,G4Alcatraz,360Video,ERP,4096x2048,10s,29.97fps,QP22,35367k,8bit,H265,,
#VIDEO,ENDS,20191022,151601680,506509,,,,,,,,,,,,
#RATING,STARTS,20191022,151601795,506624,,,,,,,,,,,,
#RATING,ENDS,20191022,151602694,507523,4,0.8980124,G4Alcatraz,360Video,ERP,4096x2048,10s,29.97fps,QP22,35367k,8bit,H265
#VIDEO,STARTS,20191022,151603844,508673,G2FormationPace,360Video,ERP,7680x3840,10s,29.97fps,QP22,30206k,8bit,H265,,
#VIDEO,ENDS,20191022,151613853,518682,,,,,,,,,,,,
#RATING,STARTS,20191022,151614199,519028,,,,,,,,,,,,
#RATING,ENDS,20191022,151615113,519943,5,0.9130447,G2FormationPace,360Video,ERP,7680x3840,10s,29.97fps,QP22,30206k,8bit,H265
#VIDEO,STARTS,20191022,151615114,519944,G4Alcatraz,360Video,ERP,3600x1800,10s,29.97fps,QP42,1641k,8bit,H265,,
#VIDEO,ENDS,20191022,151625146,529975,,,,,,,,,,,,
#RATING,STARTS,20191022,151625225,530054,,,,,,,,,,,,
#RATING,ENDS,20191022,151626115,530944,2,0.8896222,G4Alcatraz,360Video,ERP,3600x1800,10s,29.97fps,QP42,1641k,8bit,H265
#VIDEO,STARTS,20191022,151626116,530945,G4Alcatraz,360Video,ERP,2048x1024,10s,29.97fps,QP37,1421k,8bit,H265,,
#VIDEO,ENDS,20191022,151636150,540979,,,,,,,,,,,,
#RATING,STARTS,20191022,151636176,541005,,,,,,,,,,,,
#RATING,ENDS,20191022,151637285,542114,1,1.1087792,G4Alcatraz,360Video,ERP,2048x1024,10s,29.97fps,QP37,1421k,8bit,H265
#VIDEO,STARTS,20191022,151637287,542116,G2FormationPace,360Video,ERP,3600x1800,10s,29.97fps,QP27,5028k,8bit,H265,,
#VIDEO,ENDS,20191022,151647306,552135,,,,,,,,,,,,
#RATING,STARTS,20191022,151647382,552211,,,,,,,,,,,,
#RATING,ENDS,20191022,151648421,553250,4,1.0392855,G2FormationPace,360Video,ERP,3600x1800,10s,29.97fps,QP27,5028k,8bit,H265
#VIDEO,STARTS,20191022,151648422,553251,G2FormationPace,360Video,ERP,2048x1024,10s,29.97fps,QP42,167k,8bit,H265,,
#VIDEO,ENDS,20191022,151658445,563274,,,,,,,,,,,,
#RATING,STARTS,20191022,151658468,563297,,,,,,,,,,,,
#RATING,ENDS,20191022,151700709,565538,1,2.240064,G2FormationPace,360Video,ERP,2048x1024,10s,29.97fps,QP42,167k,8bit,H265
#VIDEO,STARTS,20191022,151700710,565539,G4Alcatraz,360Video,ERP,2048x1024,10s,29.97fps,QP22,11608k,8bit,H265,,
#VIDEO,ENDS,20191022,151710730,575559,,,,,,,,,,,,
#RATING,STARTS,20191022,151710755,575584,,,,,,,,,,,,
#RATING,ENDS,20191022,151711733,576563,2,0.9773645,G4Alcatraz,360Video,ERP,2048x1024,10s,29.97fps,QP22,11608k,8bit,H265
#VIDEO,STARTS,20191022,151711734,576564,G4Alcatraz,360Video,ERP,4096x2048,10s,29.97fps,QP32,10134k,8bit,H265,,
#VIDEO,ENDS,20191022,151721765,586594,,,,,,,,,,,,
#RATING,STARTS,20191022,151721863,586692,,,,,,,,,,,,
#RATING,ENDS,20191022,151723071,587900,3,1.206745,G4Alcatraz,360Video,ERP,4096x2048,10s,29.97fps,QP32,10134k,8bit,H265
#VIDEO,STARTS,20191022,151723107,587936,G2FormationPace,360Video,ERP,6144x3072,10s,29.97fps,QP27,10890k,8bit,H265,,
#VIDEO,ENDS,20191022,151733136,597965,,,,,,,,,,,,
#RATING,STARTS,20191022,151733368,598197,,,,,,,,,,,,
#RATING,ENDS,20191022,151734352,599181,5,0.9833361,G2FormationPace,360Video,ERP,6144x3072,10s,29.97fps,QP27,10890k,8bit,H265
#VIDEO,STARTS,20191022,151734757,599586,G4Alcatraz,360Video,ERP,4096x2048,10s,29.97fps,crf10,100813k,8bit,H265,,
#VIDEO,ENDS,20191022,151744787,609616,,,,,,,,,,,,
#RATING,STARTS,20191022,151744889,609718,,,,,,,,,,,,
#RATING,ENDS,20191022,151745902,610731,5,1.0121955,G4Alcatraz,360Video,ERP,4096x2048,10s,29.97fps,crf10,100813k,8bit,H265
#VIDEO,STARTS,20191022,151745904,610733,G4Alcatraz,360Video,ERP,4096x2048,10s,29.97fps,QP42,2081k,8bit,H265,,
#VIDEO,ENDS,20191022,151755912,620741,,,,,,,,,,,,
#RATING,STARTS,20191022,151756012,620841,,,,,,,,,,,,
#RATING,ENDS,20191022,151757354,622183,3,1.3393132,G4Alcatraz,360Video,ERP,4096x2048,10s,29.97fps,QP42,2081k,8bit,H265
#VIDEO,STARTS,20191022,151757657,622486,G2FormationPace,360Video,ERP,7680x3840,10s,29.97fps,QP37,3798k,8bit,H265,,
#VIDEO,ENDS,20191022,151807696,632525,,,,,,,,,,,,
#RATING,STARTS,20191022,151808045,632874,,,,,,,,,,,,
#RATING,ENDS,20191022,151809681,634510,3,1.6346826,G2FormationPace,360Video,ERP,7680x3840,10s,29.97fps,QP37,3798k,8bit,H265
#VIDEO,STARTS,20191022,151809787,634616,G4Alcatraz,360Video,ERP,7680x3840,10s,29.97fps,QP37,12663k,8bit,H265,,
#VIDEO,ENDS,20191022,151819804,644633,,,,,,,,,,,,
#RATING,STARTS,20191022,151820159,644988,,,,,,,,,,,,
#RATING,ENDS,20191022,151821287,646116,5,1.1276274,G4Alcatraz,360Video,ERP,7680x3840,10s,29.97fps,QP37,12663k,8bit,H265
#VIDEO,STARTS,20191022,151821305,646134,G4Alcatraz,360Video,ERP,6144x3072,10s,29.97fps,QP42,4179k,8bit,H265,,
#VIDEO,ENDS,20191022,151831322,656151,,,,,,,,,,,,
#RATING,STARTS,20191022,151831551,656380,,,,,,,,,,,,
#RATING,ENDS,20191022,151832435,657264,3,0.8834239,G4Alcatraz,360Video,ERP,6144x3072,10s,29.97fps,QP42,4179k,8bit,H265
#VIDEO,STARTS,20191022,151832437,657266,G4Alcatraz,360Video,ERP,3600x1800,10s,29.97fps,QP37,4007k,8bit,H265,,
#VIDEO,ENDS,20191022,151842467,667296,,,,,,,,,,,,
#RATING,STARTS,20191022,151842546,667376,,,,,,,,,,,,
#RATING,ENDS,20191022,151843304,668133,3,0.757235,G4Alcatraz,360Video,ERP,3600x1800,10s,29.97fps,QP37,4007k,8bit,H265
#VIDEO,STARTS,20191022,151843944,668773,G4Alcatraz,360Video,ERP,6144x3072,10s,29.97fps,QP27,34200k,8bit,H265,,
#VIDEO,ENDS,20191022,151853961,678790,,,,,,,,,,,,
#RATING,STARTS,20191022,151854188,679017,,,,,,,,,,,,
#RATING,ENDS,20191022,151855256,680085,4,1.067093,G4Alcatraz,360Video,ERP,6144x3072,10s,29.97fps,QP27,34200k,8bit,H265
#VIDEO,STARTS,20191022,151855506,680335,G4Alcatraz,360Video,ERP,6144x3072,10s,29.97fps,QP32,17993k,8bit,H265,,
#VIDEO,ENDS,20191022,151905523,690352,,,,,,,,,,,,
#RATING,STARTS,20191022,151905752,690581,,,,,,,,,,,,
#RATING,ENDS,20191022,151908146,692975,4,2.3929401,G4Alcatraz,360Video,ERP,6144x3072,10s,29.97fps,QP32,17993k,8bit,H265
#VIDEO,STARTS,20191022,151908147,692976,G2FormationPace,360Video,ERP,4096x2048,10s,29.97fps,QP32,3042k,8bit,H265,,
#VIDEO,ENDS,20191022,151918178,703007,,,,,,,,,,,,
#RATING,STARTS,20191022,151918274,703103,,,,,,,,,,,,
#RATING,ENDS,20191022,151919460,704289,3,1.1853423,G2FormationPace,360Video,ERP,4096x2048,10s,29.97fps,QP32,3042k,8bit,H265
#VIDEO,STARTS,20191022,151920259,705088,G4Alcatraz,360Video,ERP,7680x3840,10s,29.97fps,QP27,47302k,8bit,H265,,
#VIDEO,ENDS,20191022,151930297,715126,,,,,,,,,,,,
#RATING,STARTS,20191022,151930649,715478,,,,,,,,,,,,
#RATING,ENDS,20191022,151931870,716699,5,1.2197339,G4Alcatraz,360Video,ERP,7680x3840,10s,29.97fps,QP27,47302k,8bit,H265
#VIDEO,STARTS,20191022,151931871,716700,G2FormationPace,360Video,ERP,2048x1024,10s,29.97fps,QP32,921k,8bit,H265,,
#VIDEO,ENDS,20191022,151941870,726699,,,,,,,,,,,,
#RATING,STARTS,20191022,151941898,726727,,,,,,,,,,,,
#RATING,ENDS,20191022,151943665,728495,2,1.7677113,G2FormationPace,360Video,ERP,2048x1024,10s,29.97fps,QP32,921k,8bit,H265
#VIDEO,STARTS,20191022,151943666,728496,G9BloomingAppleOrchards,360Video,ERP,2048x1024,10s,29.97fps,QP37,408k,8bit,H265,,
#VIDEO,ENDS,20191022,151953687,738516,,,,,,,,,,,,
#RATING,STARTS,20191022,151953717,738546,,,,,,,,,,,,
#RATING,ENDS,20191022,151957773,742602,2,4.0556129,G9BloomingAppleOrchards,360Video,ERP,2048x1024,10s,29.97fps,QP37,408k,8bit,H265
#VIDEO,STARTS,20191022,151957774,742603,G9BloomingAppleOrchards,360Video,ERP,7680x3840,10s,29.97fps,QP42,1964k,8bit,H265,,
#VIDEO,ENDS,20191022,152007805,752635,,,,,,,,,,,,
#RATING,STARTS,20191022,152008150,752979,,,,,,,,,,,,
#RATING,ENDS,20191022,152008793,753622,4,0.6413341,G9BloomingAppleOrchards,360Video,ERP,7680x3840,10s,29.97fps,QP42,1964k,8bit,H265
#VIDEO,STARTS,20191022,152008794,753623,G9BloomingAppleOrchards,360Video,ERP,2048x1024,10s,29.97fps,QP22,2209k,8bit,H265,,
#VIDEO,ENDS,20191022,152018807,763636,,,,,,,,,,,,
#RATING,STARTS,20191022,152018831,763660,,,,,,,,,,,,
#RATING,ENDS,20191022,152019599,764428,3,0.7675213,G9BloomingAppleOrchards,360Video,ERP,2048x1024,10s,29.97fps,QP22,2209k,8bit,H265
#VIDEO,STARTS,20191022,152019600,764429,G9BloomingAppleOrchards,360Video,ERP,4096x2048,10s,29.97fps,QP42,732k,8bit,H265,,
#VIDEO,ENDS,20191022,152029631,774460,,,,,,,,,,,,
#RATING,STARTS,20191022,152029737,774566,,,,,,,,,,,,
#RATING,ENDS,20191022,152030959,775788,2,1.2206378,G9BloomingAppleOrchards,360Video,ERP,4096x2048,10s,29.97fps,QP42,732k,8bit,H265
#VIDEO,STARTS,20191022,152030960,775789,G9BloomingAppleOrchards,360Video,ERP,3600x1800,10s,29.97fps,QP22,7695k,8bit,H265,,
#VIDEO,ENDS,20191022,152040981,785810,,,,,,,,,,,,
#RATING,STARTS,20191022,152041060,785889,,,,,,,,,,,,
#RATING,ENDS,20191022,152041939,786768,4,0.8787576,G9BloomingAppleOrchards,360Video,ERP,3600x1800,10s,29.97fps,QP22,7695k,8bit,H265
#VIDEO,STARTS,20191022,152043988,788817,G10PandaBaseChengdu,360Video,ERP,7680x3840,10s,29.97fps,crf10,136685k,8bit,H265,,
#VIDEO,ENDS,20191022,152054015,798844,,,,,,,,,,,,
#RATING,STARTS,20191022,152054367,799196,,,,,,,,,,,,
#RATING,ENDS,20191022,152055176,800005,5,0.8078422,G10PandaBaseChengdu,360Video,ERP,7680x3840,10s,29.97fps,crf10,136685k,8bit,H265
#VIDEO,STARTS,20191022,152055806,800635,G9BloomingAppleOrchards,360Video,ERP,6144x3072,10s,29.97fps,QP27,10684k,8bit,H265,,
#VIDEO,ENDS,20191022,152105833,810662,,,,,,,,,,,,
#RATING,STARTS,20191022,152106068,810897,,,,,,,,,,,,
#RATING,ENDS,20191022,152109897,814726,4,3.8280622,G9BloomingAppleOrchards,360Video,ERP,6144x3072,10s,29.97fps,QP27,10684k,8bit,H265
#VIDEO,STARTS,20191022,152109898,814727,G9BloomingAppleOrchards,360Video,ERP,7680x3840,10s,29.97fps,QP22,43270k,8bit,H265,,
#VIDEO,ENDS,20191022,152119920,824749,,,,,,,,,,,,
#RATING,STARTS,20191022,152120270,825099,,,,,,,,,,,,
#RATING,ENDS,20191022,152121078,825907,5,0.8068489,G9BloomingAppleOrchards,360Video,ERP,7680x3840,10s,29.97fps,QP22,43270k,8bit,H265
#VIDEO,STARTS,20191022,152121079,825908,G10PandaBaseChengdu,360Video,ERP,3600x1800,10s,29.97fps,QP37,650k,8bit,H265,,
#VIDEO,ENDS,20191022,152131111,835940,,,,,,,,,,,,
#RATING,STARTS,20191022,152131192,836021,,,,,,,,,,,,
#RATING,ENDS,20191022,152132048,836877,3,0.8550067,G10PandaBaseChengdu,360Video,ERP,3600x1800,10s,29.97fps,QP37,650k,8bit,H265
#VIDEO,STARTS,20191022,152132988,837817,G10PandaBaseChengdu,360Video,ERP,7680x3840,10s,29.97fps,QP37,2127k,8bit,H265,,
#VIDEO,ENDS,20191022,152143016,847845,,,,,,,,,,,,
#RATING,STARTS,20191022,152143360,848189,,,,,,,,,,,,
#RATING,ENDS,20191022,152144400,849229,4,1.0388566,G10PandaBaseChengdu,360Video,ERP,7680x3840,10s,29.97fps,QP37,2127k,8bit,H265
#VIDEO,STARTS,20191022,152144401,849230,G9BloomingAppleOrchards,360Video,ERP,4096x2048,10s,29.97fps,QP37,1437k,8bit,H265,,
#VIDEO,ENDS,20191022,152154434,859263,,,,,,,,,,,,
#RATING,STARTS,20191022,152154538,859367,,,,,,,,,,,,
#RATING,ENDS,20191022,152155559,860388,3,1.0203306,G9BloomingAppleOrchards,360Video,ERP,4096x2048,10s,29.97fps,QP37,1437k,8bit,H265
#VIDEO,STARTS,20191022,152155865,860694,G10PandaBaseChengdu,360Video,ERP,6144x3072,10s,29.97fps,QP27,8439k,8bit,H265,,
#VIDEO,ENDS,20191022,152205883,870712,,,,,,,,,,,,
#RATING,STARTS,20191022,152206123,870952,,,,,,,,,,,,
#RATING,ENDS,20191022,152207601,872430,5,1.4771228,G10PandaBaseChengdu,360Video,ERP,6144x3072,10s,29.97fps,QP27,8439k,8bit,H265
#VIDEO,STARTS,20191022,152207602,872431,G10PandaBaseChengdu,360Video,ERP,2048x1024,10s,29.97fps,QP37,242k,8bit,H265,,
#VIDEO,ENDS,20191022,152217622,882451,,,,,,,,,,,,
#RATING,STARTS,20191022,152217648,882477,,,,,,,,,,,,
#RATING,ENDS,20191022,152218336,883165,2,0.6855978,G10PandaBaseChengdu,360Video,ERP,2048x1024,10s,29.97fps,QP37,242k,8bit,H265
#VIDEO,STARTS,20191022,152218806,883635,G10PandaBaseChengdu,360Video,ERP,6144x3072,10s,29.97fps,QP37,1481k,8bit,H265,,
#VIDEO,ENDS,20191022,152228847,893676,,,,,,,,,,,,
#RATING,STARTS,20191022,152229085,893914,,,,,,,,,,,,
#RATING,ENDS,20191022,152229918,894747,4,0.832281,G10PandaBaseChengdu,360Video,ERP,6144x3072,10s,29.97fps,QP37,1481k,8bit,H265
#VIDEO,STARTS,20191022,152229919,894748,G10PandaBaseChengdu,360Video,ERP,3600x1800,10s,29.97fps,QP32,1289k,8bit,H265,,
#VIDEO,ENDS,20191022,152239929,904758,,,,,,,,,,,,
#RATING,STARTS,20191022,152240004,904833,,,,,,,,,,,,
#RATING,ENDS,20191022,152241089,905918,3,1.0836759,G10PandaBaseChengdu,360Video,ERP,3600x1800,10s,29.97fps,QP32,1289k,8bit,H265
#VIDEO,STARTS,20191022,152241405,906235,G10PandaBaseChengdu,360Video,ERP,6144x3072,10s,29.97fps,QP22,22218k,8bit,H265,,
#VIDEO,ENDS,20191022,152251433,916262,,,,,,,,,,,,
#RATING,STARTS,20191022,152251661,916490,,,,,,,,,,,,
#RATING,ENDS,20191022,152252298,917127,5,0.6356198,G10PandaBaseChengdu,360Video,ERP,6144x3072,10s,29.97fps,QP22,22218k,8bit,H265
#VIDEO,STARTS,20191022,152253332,918161,G9BloomingAppleOrchards,360Video,ERP,7680x3840,10s,29.97fps,QP37,3735k,8bit,H265,,
#VIDEO,ENDS,20191022,152303363,928192,,,,,,,,,,,,
#RATING,STARTS,20191022,152303710,928539,,,,,,,,,,,,
#RATING,ENDS,20191022,152304858,929687,4,1.1469949,G9BloomingAppleOrchards,360Video,ERP,7680x3840,10s,29.97fps,QP37,3735k,8bit,H265
#VIDEO,STARTS,20191022,152304859,929688,G10PandaBaseChengdu,360Video,ERP,4096x2048,10s,29.97fps,QP27,3988k,8bit,H265,,
#VIDEO,ENDS,20191022,152314880,939709,,,,,,,,,,,,
#RATING,STARTS,20191022,152314985,939815,,,,,,,,,,,,
#RATING,ENDS,20191022,152316139,940968,4,1.1528798,G10PandaBaseChengdu,360Video,ERP,4096x2048,10s,29.97fps,QP27,3988k,8bit,H265
#VIDEO,STARTS,20191022,152316140,940969,G10PandaBaseChengdu,360Video,ERP,3600x1800,10s,29.97fps,QP22,8661k,8bit,H265,,
#VIDEO,ENDS,20191022,152326160,950989,,,,,,,,,,,,
#RATING,STARTS,20191022,152326251,951080,,,,,,,,,,,,
#RATING,ENDS,20191022,152327241,952070,4,0.9903437,G10PandaBaseChengdu,360Video,ERP,3600x1800,10s,29.97fps,QP22,8661k,8bit,H265
#VIDEO,STARTS,20191022,152327243,952072,G9BloomingAppleOrchards,360Video,ERP,3600x1800,10s,29.97fps,QP37,1169k,8bit,H265,,
#VIDEO,ENDS,20191022,152337252,962081,,,,,,,,,,,,
#RATING,STARTS,20191022,152337341,962170,,,,,,,,,,,,
#RATING,ENDS,20191022,152338211,963040,3,0.8696747,G9BloomingAppleOrchards,360Video,ERP,3600x1800,10s,29.97fps,QP37,1169k,8bit,H265
#VIDEO,STARTS,20191022,152338212,963041,G10PandaBaseChengdu,360Video,ERP,4096x2048,10s,29.97fps,QP32,1587k,8bit,H265,,
#VIDEO,ENDS,20191022,152348243,973072,,,,,,,,,,,,
#RATING,STARTS,20191022,152348345,973174,,,,,,,,,,,,
#RATING,ENDS,20191022,152349246,974075,4,0.8996111,G10PandaBaseChengdu,360Video,ERP,4096x2048,10s,29.97fps,QP32,1587k,8bit,H265
#VIDEO,STARTS,20191022,152349247,974076,G9BloomingAppleOrchards,360Video,ERP,2048x1024,10s,29.97fps,QP42,200k,8bit,H265,,
#VIDEO,ENDS,20191022,152359269,984098,,,,,,,,,,,,
#RATING,STARTS,20191022,152359294,984124,,,,,,,,,,,,
#RATING,ENDS,20191022,152400720,985549,1,1.4260332,G9BloomingAppleOrchards,360Video,ERP,2048x1024,10s,29.97fps,QP42,200k,8bit,H265
#VIDEO,STARTS,20191022,152401142,985971,G10PandaBaseChengdu,360Video,ERP,7680x3840,10s,29.97fps,QP32,4958k,8bit,H265,,
#VIDEO,ENDS,20191022,152411152,995981,,,,,,,,,,,,
#RATING,STARTS,20191022,152411505,996334,,,,,,,,,,,,
#RATING,ENDS,20191022,152412781,997610,5,1.2754185,G10PandaBaseChengdu,360Video,ERP,7680x3840,10s,29.97fps,QP32,4958k,8bit,H265
#VIDEO,STARTS,20191022,152412782,997611,G10PandaBaseChengdu,360Video,ERP,4096x2048,10s,29.97fps,QP22,10859k,8bit,H265,,
#VIDEO,ENDS,20191022,152422803,1007632,,,,,,,,,,,,
#RATING,STARTS,20191022,152422897,1007726,,,,,,,,,,,,
#RATING,ENDS,20191022,152424287,1009116,4,1.3881134,G10PandaBaseChengdu,360Video,ERP,4096x2048,10s,29.97fps,QP22,10859k,8bit,H265
#VIDEO,STARTS,20191022,152424288,1009117,G9BloomingAppleOrchards,360Video,ERP,6144x3072,10s,29.97fps,QP32,4971k,8bit,H265,,
#VIDEO,ENDS,20191022,152434320,1019149,,,,,,,,,,,,
#RATING,STARTS,20191022,152434558,1019387,,,,,,,,,,,,
#RATING,ENDS,20191022,152435467,1020296,4,0.9082456,G9BloomingAppleOrchards,360Video,ERP,6144x3072,10s,29.97fps,QP32,4971k,8bit,H265
#VIDEO,STARTS,20191022,152435468,1020297,G9BloomingAppleOrchards,360Video,ERP,4096x2048,10s,29.97fps,QP27,4925k,8bit,H265,,
#VIDEO,ENDS,20191022,152445501,1030330,,,,,,,,,,,,
#RATING,STARTS,20191022,152445605,1030434,,,,,,,,,,,,
#RATING,ENDS,20191022,152446481,1031310,5,0.8741174,G9BloomingAppleOrchards,360Video,ERP,4096x2048,10s,29.97fps,QP27,4925k,8bit,H265
#VIDEO,STARTS,20191022,152446931,1031760,G9BloomingAppleOrchards,360Video,ERP,4096x2048,10s,29.97fps,crf10,73361k,8bit,H265,,
#VIDEO,ENDS,20191022,152456962,1041791,,,,,,,,,,,,
#RATING,STARTS,20191022,152457073,1041902,,,,,,,,,,,,
#RATING,ENDS,20191022,152500655,1045484,5,3.5827812,G9BloomingAppleOrchards,360Video,ERP,4096x2048,10s,29.97fps,crf10,73361k,8bit,H265
#VIDEO,STARTS,20191022,152500656,1045485,G9BloomingAppleOrchards,360Video,ERP,7680x3840,10s,29.97fps,crf10,166036k,8bit,H265,,
#VIDEO,ENDS,20191022,152510678,1055507,,,,,,,,,,,,
#RATING,STARTS,20191022,152511033,1055862,,,,,,,,,,,,
#RATING,ENDS,20191022,152512551,1057380,4,1.516996,G9BloomingAppleOrchards,360Video,ERP,7680x3840,10s,29.97fps,crf10,166036k,8bit,H265
#VIDEO,STARTS,20191022,152513415,1058244,G9BloomingAppleOrchards,360Video,ERP,6144x3072,10s,29.97fps,crf10,151287k,8bit,H265,,
#VIDEO,ENDS,20191022,152523432,1068261,,,,,,,,,,,,
#RATING,STARTS,20191022,152523672,1068501,,,,,,,,,,,,
#RATING,ENDS,20191022,152524446,1069275,4,0.7746998,G9BloomingAppleOrchards,360Video,ERP,6144x3072,10s,29.97fps,crf10,151287k,8bit,H265
#VIDEO,STARTS,20191022,152525199,1070028,G9BloomingAppleOrchards,360Video,ERP,6144x3072,10s,29.97fps,QP22,25602k,8bit,H265,,
#VIDEO,ENDS,20191022,152535229,1080059,,,,,,,,,,,,
#RATING,STARTS,20191022,152535468,1080297,,,,,,,,,,,,
#RATING,ENDS,20191022,152536321,1081150,4,0.8521086,G9BloomingAppleOrchards,360Video,ERP,6144x3072,10s,29.97fps,QP22,25602k,8bit,H265
#VIDEO,STARTS,20191022,152536322,1081151,G10PandaBaseChengdu,360Video,ERP,2048x1024,10s,29.97fps,QP32,478k,8bit,H265,,
#VIDEO,ENDS,20191022,152546343,1091172,,,,,,,,,,,,
#RATING,STARTS,20191022,152546365,1091194,,,,,,,,,,,,
#RATING,ENDS,20191022,152547123,1091952,2,0.756484,G10PandaBaseChengdu,360Video,ERP,2048x1024,10s,29.97fps,QP32,478k,8bit,H265
#VIDEO,STARTS,20191022,152548378,1093207,G10PandaBaseChengdu,360Video,ERP,7680x3840,10s,29.97fps,QP22,27192k,8bit,H265,,
#VIDEO,ENDS,20191022,152558406,1103235,,,,,,,,,,,,
#RATING,STARTS,20191022,152558759,1103588,,,,,,,,,,,,
#RATING,ENDS,20191022,152559868,1104697,4,1.1072017,G10PandaBaseChengdu,360Video,ERP,7680x3840,10s,29.97fps,QP22,27192k,8bit,H265
#VIDEO,STARTS,20191022,152559869,1104698,G9BloomingAppleOrchards,360Video,ERP,4096x2048,10s,29.97fps,QP22,10304k,8bit,H265,,
#VIDEO,ENDS,20191022,152609889,1114718,,,,,,,,,,,,
#RATING,STARTS,20191022,152609989,1114818,,,,,,,,,,,,
#RATING,ENDS,20191022,152611249,1116078,4,1.2591735,G9BloomingAppleOrchards,360Video,ERP,4096x2048,10s,29.97fps,QP22,10304k,8bit,H265
#VIDEO,STARTS,20191022,152611915,1116744,G10PandaBaseChengdu,360Video,ERP,7680x3840,10s,29.97fps,QP27,12449k,8bit,H265,,
#VIDEO,ENDS,20191022,152621930,1126759,,,,,,,,,,,,
#RATING,STARTS,20191022,152622280,1127109,,,,,,,,,,,,
#RATING,ENDS,20191022,152623033,1127862,4,0.7525068,G10PandaBaseChengdu,360Video,ERP,7680x3840,10s,29.97fps,QP27,12449k,8bit,H265
#VIDEO,STARTS,20191022,152623034,1127863,G10PandaBaseChengdu,360Video,ERP,3600x1800,10s,29.97fps,QP42,335k,8bit,H265,,
#VIDEO,ENDS,20191022,152633044,1137873,,,,,,,,,,,,
#RATING,STARTS,20191022,152633127,1137956,,,,,,,,,,,,
#RATING,ENDS,20191022,152634036,1138865,2,0.9082439,G10PandaBaseChengdu,360Video,ERP,3600x1800,10s,29.97fps,QP42,335k,8bit,H265
#VIDEO,STARTS,20191022,152635323,1140152,G10PandaBaseChengdu,360Video,ERP,6144x3072,10s,29.97fps,crf10,130031k,8bit,H265,,
#VIDEO,ENDS,20191022,152645353,1150182,,,,,,,,,,,,
#RATING,STARTS,20191022,152645585,1150414,,,,,,,,,,,,
#RATING,ENDS,20191022,152646647,1151476,4,1.0597925,G10PandaBaseChengdu,360Video,ERP,6144x3072,10s,29.97fps,crf10,130031k,8bit,H265
#VIDEO,STARTS,20191022,152646648,1151477,G10PandaBaseChengdu,360Video,ERP,3600x1800,10s,29.97fps,QP27,3192k,8bit,H265,,
#VIDEO,ENDS,20191022,152656683,1161512,,,,,,,,,,,,
#RATING,STARTS,20191022,152656780,1161609,,,,,,,,,,,,
#RATING,ENDS,20191022,152659022,1163851,4,2.2417234,G10PandaBaseChengdu,360Video,ERP,3600x1800,10s,29.97fps,QP27,3192k,8bit,H265
#VIDEO,STARTS,20191022,152659023,1163852,G10PandaBaseChengdu,360Video,ERP,6144x3072,10s,29.97fps,QP42,764k,8bit,H265,,
#VIDEO,ENDS,20191022,152709034,1173863,,,,,,,,,,,,
#RATING,STARTS,20191022,152709263,1174092,,,,,,,,,,,,
#RATING,ENDS,20191022,152710136,1174965,3,0.8730277,G10PandaBaseChengdu,360Video,ERP,6144x3072,10s,29.97fps,QP42,764k,8bit,H265
#VIDEO,STARTS,20191022,152710137,1174966,G9BloomingAppleOrchards,360Video,ERP,2048x1024,10s,29.97fps,QP32,739k,8bit,H265,,
#VIDEO,ENDS,20191022,152720169,1184998,,,,,,,,,,,,
#RATING,STARTS,20191022,152720193,1185022,,,,,,,,,,,,
#RATING,ENDS,20191022,152721017,1185846,2,0.8228958,G9BloomingAppleOrchards,360Video,ERP,2048x1024,10s,29.97fps,QP32,739k,8bit,H265
#VIDEO,STARTS,20191022,152721387,1186216,G9BloomingAppleOrchards,360Video,ERP,6144x3072,10s,29.97fps,QP42,1404k,8bit,H265,,
#VIDEO,ENDS,20191022,152731407,1196236,,,,,,,,,,,,
#RATING,STARTS,20191022,152731649,1196478,,,,,,,,,,,,
#RATING,ENDS,20191022,152733816,1198645,2,2.1674035,G9BloomingAppleOrchards,360Video,ERP,6144x3072,10s,29.97fps,QP42,1404k,8bit,H265
#VIDEO,STARTS,20191022,152733818,1198647,G9BloomingAppleOrchards,360Video,ERP,4096x2048,10s,29.97fps,QP32,2621k,8bit,H265,,
#VIDEO,ENDS,20191022,152743850,1208679,,,,,,,,,,,,
#RATING,STARTS,20191022,152743954,1208783,,,,,,,,,,,,
#RATING,ENDS,20191022,152744897,1209726,3,0.9410424,G9BloomingAppleOrchards,360Video,ERP,4096x2048,10s,29.97fps,QP32,2621k,8bit,H265
#VIDEO,STARTS,20191022,152745871,1210700,G9BloomingAppleOrchards,360Video,ERP,7680x3840,10s,29.97fps,QP32,7728k,8bit,H265,,
#VIDEO,ENDS,20191022,152755901,1220731,,,,,,,,,,,,
#RATING,STARTS,20191022,152756258,1221087,,,,,,,,,,,,
#RATING,ENDS,20191022,152756889,1221718,3,0.6297082,G9BloomingAppleOrchards,360Video,ERP,7680x3840,10s,29.97fps,QP32,7728k,8bit,H265
#VIDEO,STARTS,20191022,152756891,1221720,G9BloomingAppleOrchards,360Video,ERP,2048x1024,10s,29.97fps,QP27,1270k,8bit,H265,,
#VIDEO,ENDS,20191022,152806915,1231744,,,,,,,,,,,,
#RATING,STARTS,20191022,152806941,1231770,,,,,,,,,,,,
#RATING,ENDS,20191022,152807941,1232770,2,0.9986876,G9BloomingAppleOrchards,360Video,ERP,2048x1024,10s,29.97fps,QP27,1270k,8bit,H265
#VIDEO,STARTS,20191022,152808659,1233488,G10PandaBaseChengdu,360Video,ERP,7680x3840,10s,29.97fps,QP42,1084k,8bit,H265,,
#VIDEO,ENDS,20191022,152818688,1243517,,,,,,,,,,,,
#RATING,STARTS,20191022,152819060,1243889,,,,,,,,,,,,
#RATING,ENDS,20191022,152820140,1244969,3,1.079596,G10PandaBaseChengdu,360Video,ERP,7680x3840,10s,29.97fps,QP42,1084k,8bit,H265
#VIDEO,STARTS,20191022,152821148,1245977,G9BloomingAppleOrchards,360Video,ERP,7680x3840,10s,29.97fps,QP27,19085k,8bit,H265,,
#VIDEO,ENDS,20191022,152831165,1255994,,,,,,,,,,,,
#RATING,STARTS,20191022,152831508,1256337,,,,,,,,,,,,
#RATING,ENDS,20191022,152832302,1257131,4,0.7928815,G9BloomingAppleOrchards,360Video,ERP,7680x3840,10s,29.97fps,QP27,19085k,8bit,H265
#VIDEO,STARTS,20191022,152832304,1257133,G9BloomingAppleOrchards,360Video,ERP,2048x1024,10s,29.97fps,crf10,15842k,8bit,H265,,
#VIDEO,ENDS,20191022,152842325,1267154,,,,,,,,,,,,
#RATING,STARTS,20191022,152842351,1267180,,,,,,,,,,,,
#RATING,ENDS,20191022,152843160,1267989,2,0.8089017,G9BloomingAppleOrchards,360Video,ERP,2048x1024,10s,29.97fps,crf10,15842k,8bit,H265
#VIDEO,STARTS,20191022,152843497,1268326,G9BloomingAppleOrchards,360Video,ERP,3600x1800,10s,29.97fps,crf10,56318k,8bit,H265,,
#VIDEO,ENDS,20191022,152853528,1278357,,,,,,,,,,,,
#RATING,STARTS,20191022,152853617,1278446,,,,,,,,,,,,
#RATING,ENDS,20191022,152854340,1279169,3,0.7225964,G9BloomingAppleOrchards,360Video,ERP,3600x1800,10s,29.97fps,crf10,56318k,8bit,H265
#VIDEO,STARTS,20191022,152854341,1279170,G10PandaBaseChengdu,360Video,ERP,4096x2048,10s,29.97fps,QP42,400k,8bit,H265,,
#VIDEO,ENDS,20191022,152904362,1289192,,,,,,,,,,,,
#RATING,STARTS,20191022,152904467,1289296,,,,,,,,,,,,
#RATING,ENDS,20191022,152906136,1290965,2,1.6685568,G10PandaBaseChengdu,360Video,ERP,4096x2048,10s,29.97fps,QP42,400k,8bit,H265
#VIDEO,STARTS,20191022,152906137,1290966,G9BloomingAppleOrchards,360Video,ERP,6144x3072,10s,29.97fps,QP37,2635k,8bit,H265,,
#VIDEO,ENDS,20191022,152916169,1300998,,,,,,,,,,,,
#RATING,STARTS,20191022,152916399,1301228,,,,,,,,,,,,
#RATING,ENDS,20191022,152917529,1302358,3,1.1295699,G9BloomingAppleOrchards,360Video,ERP,6144x3072,10s,29.97fps,QP37,2635k,8bit,H265
#VIDEO,STARTS,20191022,152917531,1302360,G10PandaBaseChengdu,360Video,ERP,4096x2048,10s,29.97fps,QP37,782k,8bit,H265,,
#VIDEO,ENDS,20191022,152927552,1312381,,,,,,,,,,,,
#RATING,STARTS,20191022,152927658,1312487,,,,,,,,,,,,
#RATING,ENDS,20191022,152928505,1313334,2,0.8458021,G10PandaBaseChengdu,360Video,ERP,4096x2048,10s,29.97fps,QP37,782k,8bit,H265
#VIDEO,STARTS,20191022,152928926,1313755,G10PandaBaseChengdu,360Video,ERP,6144x3072,10s,29.97fps,QP32,3199k,8bit,H265,,
#VIDEO,ENDS,20191022,152938967,1323796,,,,,,,,,,,,
#RATING,STARTS,20191022,152939193,1324022,,,,,,,,,,,,
#RATING,ENDS,20191022,152940181,1325010,4,0.9870424,G10PandaBaseChengdu,360Video,ERP,6144x3072,10s,29.97fps,QP32,3199k,8bit,H265
#VIDEO,STARTS,20191022,152940240,1325069,G10PandaBaseChengdu,360Video,ERP,3600x1800,10s,29.97fps,crf10,57958k,8bit,H265,,
#VIDEO,ENDS,20191022,152950270,1335099,,,,,,,,,,,,
#RATING,STARTS,20191022,152950349,1335178,,,,,,,,,,,,
#RATING,ENDS,20191022,152951507,1336337,4,1.1574053,G10PandaBaseChengdu,360Video,ERP,3600x1800,10s,29.97fps,crf10,57958k,8bit,H265
#VIDEO,STARTS,20191022,152951509,1336339,G9BloomingAppleOrchards,360Video,ERP,3600x1800,10s,29.97fps,QP27,3858k,8bit,H265,,
#VIDEO,ENDS,20191022,153001529,1346358,,,,,,,,,,,,
#RATING,STARTS,20191022,153001612,1346441,,,,,,,,,,,,
#RATING,ENDS,20191022,153002677,1347506,4,1.0643803,G9BloomingAppleOrchards,360Video,ERP,3600x1800,10s,29.97fps,QP27,3858k,8bit,H265
#VIDEO,STARTS,20191022,153002678,1347507,G10PandaBaseChengdu,360Video,ERP,2048x1024,10s,29.97fps,crf10,20296k,8bit,H265,,
#VIDEO,ENDS,20191022,153012716,1357545,,,,,,,,,,,,
#RATING,STARTS,20191022,153012739,1357568,,,,,,,,,,,,
#RATING,ENDS,20191022,153013657,1358486,3,0.917215,G10PandaBaseChengdu,360Video,ERP,2048x1024,10s,29.97fps,crf10,20296k,8bit,H265
#VIDEO,STARTS,20191022,153013658,1358487,G10PandaBaseChengdu,360Video,ERP,2048x1024,10s,29.97fps,QP22,2760k,8bit,H265,,
#VIDEO,ENDS,20191022,153023679,1368508,,,,,,,,,,,,
#RATING,STARTS,20191022,153023702,1368531,,,,,,,,,,,,
#RATING,ENDS,20191022,153025432,1370261,3,1.7281093,G10PandaBaseChengdu,360Video,ERP,2048x1024,10s,29.97fps,QP22,2760k,8bit,H265
#VIDEO,STARTS,20191022,153025433,1370262,G9BloomingAppleOrchards,360Video,ERP,3600x1800,10s,29.97fps,QP42,588k,8bit,H265,,
#VIDEO,ENDS,20191022,153035452,1380281,,,,,,,,,,,,
#RATING,STARTS,20191022,153035534,1380363,,,,,,,,,,,,
#RATING,ENDS,20191022,153037941,1382770,1,2.4058999,G9BloomingAppleOrchards,360Video,ERP,3600x1800,10s,29.97fps,QP42,588k,8bit,H265
#VIDEO,STARTS,20191022,153037942,1382771,G10PandaBaseChengdu,360Video,ERP,2048x1024,10s,29.97fps,QP27,1081k,8bit,H265,,
#VIDEO,ENDS,20191022,153047955,1392784,,,,,,,,,,,,
#RATING,STARTS,20191022,153047979,1392808,,,,,,,,,,,,
#RATING,ENDS,20191022,153049189,1394018,2,1.2092046,G10PandaBaseChengdu,360Video,ERP,2048x1024,10s,29.97fps,QP27,1081k,8bit,H265
#VIDEO,STARTS,20191022,153049193,1394022,G10PandaBaseChengdu,360Video,ERP,4096x2048,10s,29.97fps,crf10,71459k,8bit,H265,,
#VIDEO,ENDS,20191022,153059224,1404053,,,,,,,,,,,,
#RATING,STARTS,20191022,153059320,1404149,,,,,,,,,,,,
#RATING,ENDS,20191022,153100304,1405133,4,0.9828594,G10PandaBaseChengdu,360Video,ERP,4096x2048,10s,29.97fps,crf10,71459k,8bit,H265
#VIDEO,STARTS,20191022,153100305,1405134,G9BloomingAppleOrchards,360Video,ERP,3600x1800,10s,29.97fps,QP32,2118k,8bit,H265,,
#VIDEO,ENDS,20191022,153110336,1415165,,,,,,,,,,,,
#RATING,STARTS,20191022,153110425,1415254,,,,,,,,,,,,
#RATING,ENDS,20191022,153111629,1416458,3,1.2025518,G9BloomingAppleOrchards,360Video,ERP,3600x1800,10s,29.97fps,QP32,2118k,8bit,H265
#VIDEO,STARTS,20191022,153111630,1416459,G10PandaBaseChengdu,360Video,ERP,2048x1024,10s,29.97fps,QP42,118k,8bit,H265,,
#VIDEO,ENDS,20191022,153121662,1426491,,,,,,,,,,,,
#RATING,STARTS,20191022,153121685,1426514,,,,,,,,,,,,
#RATING,ENDS,20191022,153122945,1427774,1,1.2572052,G10PandaBaseChengdu,360Video,ERP,2048x1024,10s,29.97fps,QP42,118k,8bit,H265
#EXPERIMENT,ENDS,20191022,153123923,1428752,1403.274377,,,,,,,,,,,
#SUVERY,STARTS,20191022,153145129,16557,,,,,,,,,,,,
#SUVERY,ENDS,20191022,153203926,35354,,,,,,,,,,,,