#CALIBRATION,STARTS,20191216,104148970,19319,,,,,,,,,,,,
#CALIBRATION,ENDS,20191216,104157516,27865,successful,,,,,,,,,,,
#EXPERIMENT,START,20191216,104159693,30042,12/16/2019 10:41:59 AM,,,,,,,,,,,
#VIDEO,STARTS,20191216,104159695,30044,G10PandaBaseChengdu,360Video,ERP,2048x1024,10s,29.97fps,QP42,118k,8bit,H265,,
#VIDEO,ENDS,20191216,104209705,40054,,,,,,,,,,,,
#RATING,STARTS,20191216,104209740,40089,,,,,,,,,,,,
#RATING,ENDS,20191216,104212462,42811,1,2.7191235,G10PandaBaseChengdu,360Video,ERP,2048x1024,10s,29.97fps,QP42,118k,8bit,H265
#VIDEO,STARTS,20191216,104212463,42812,G10PandaBaseChengdu,360Video,ERP,7680x3840,10s,29.97fps,QP27,12449k,8bit,H265,,
#VIDEO,ENDS,20191216,104222494,52843,,,,,,,,,,,,
#RATING,STARTS,20191216,104222865,53214,,,,,,,,,,,,
#RATING,ENDS,20191216,104224881,55230,5,2.01574,G10PandaBaseChengdu,360Video,ERP,7680x3840,10s,29.97fps,QP27,12449k,8bit,H265
#VIDEO,STARTS,20191216,104224882,55231,G9BloomingAppleOrchards,360Video,ERP,3600x1800,10s,29.97fps,crf10,56318k,8bit,H265,,
#VIDEO,ENDS,20191216,104234913,65262,,,,,,,,,,,,
#RATING,STARTS,20191216,104234999,65348,,,,,,,,,,,,
#RATING,ENDS,20191216,104239580,69928,5,4.580477,G9BloomingAppleOrchards,360Video,ERP,3600x1800,10s,29.97fps,crf10,56318k,8bit,H265
#VIDEO,STARTS,20191216,104239581,69929,G10PandaBaseChengdu,360Video,ERP,6144x3072,10s,29.97fps,QP22,22218k,8bit,H265,,
#VIDEO,ENDS,20191216,104249603,79952,,,,,,,,,,,,
#RATING,STARTS,20191216,104249831,80180,,,,,,,,,,,,
#RATING,ENDS,20191216,104251197,81546,5,1.3656211,G10PandaBaseChengdu,360Video,ERP,6144x3072,10s,29.97fps,QP22,22218k,8bit,H265
#VIDEO,STARTS,20191216,104251199,81547,G9BloomingAppleOrchards,360Video,ERP,3600x1800,10s,29.97fps,QP22,7695k,8bit,H265,,
#VIDEO,ENDS,20191216,104301230,91579,,,,,,,,,,,,
#RATING,STARTS,20191216,104301311,91660,,,,,,,,,,,,
#RATING,ENDS,20191216,104302881,93229,4,1.5687303,G9BloomingAppleOrchards,360Video,ERP,3600x1800,10s,29.97fps,QP22,7695k,8bit,H265
#VIDEO,STARTS,20191216,104302882,93230,G9BloomingAppleOrchards,360Video,ERP,6144x3072,10s,29.97fps,QP42,1404k,8bit,H265,,
#VIDEO,ENDS,20191216,104312902,103251,,,,,,,,,,,,
#RATING,STARTS,20191216,104313139,103488,,,,,,,,,,,,
#RATING,ENDS,20191216,104315893,106241,3,2.7531262,G9BloomingAppleOrchards,360Video,ERP,6144x3072,10s,29.97fps,QP42,1404k,8bit,H265
#VIDEO,STARTS,20191216,104315894,106242,G9BloomingAppleOrchards,360Video,ERP,4096x2048,10s,29.97fps,QP27,4925k,8bit,H265,,
#VIDEO,ENDS,20191216,104325903,116251,,,,,,,,,,,,
#RATING,STARTS,20191216,104326020,116368,,,,,,,,,,,,
#RATING,ENDS,20191216,104327521,117869,4,1.5007978,G9BloomingAppleOrchards,360Video,ERP,4096x2048,10s,29.97fps,QP27,4925k,8bit,H265
#VIDEO,STARTS,20191216,104327522,117870,G10PandaBaseChengdu,360Video,ERP,4096x2048,10s,29.97fps,QP22,10859k,8bit,H265,,
#VIDEO,ENDS,20191216,104337554,127903,,,,,,,,,,,,
#RATING,STARTS,20191216,104337656,128005,,,,,,,,,,,,
#RATING,ENDS,20191216,104339529,129878,4,1.8716328,G10PandaBaseChengdu,360Video,ERP,4096x2048,10s,29.97fps,QP22,10859k,8bit,H265
#VIDEO,STARTS,20191216,104339530,129879,G10PandaBaseChengdu,360Video,ERP,6144x3072,10s,29.97fps,QP32,3199k,8bit,H265,,
#VIDEO,ENDS,20191216,104349551,139900,,,,,,,,,,,,
#RATING,STARTS,20191216,104349778,140127,,,,,,,,,,,,
#RATING,ENDS,20191216,104351391,141740,5,1.6124112,G10PandaBaseChengdu,360Video,ERP,6144x3072,10s,29.97fps,QP32,3199k,8bit,H265
#VIDEO,STARTS,20191216,104351393,141742,G9BloomingAppleOrchards,360Video,ERP,2048x1024,10s,29.97fps,QP32,739k,8bit,H265,,
#VIDEO,ENDS,20191216,104401435,151784,,,,,,,,,,,,
#RATING,STARTS,20191216,104401462,151811,,,,,,,,,,,,
#RATING,ENDS,20191216,104406035,156384,2,4.571523,G9BloomingAppleOrchards,360Video,ERP,2048x1024,10s,29.97fps,QP32,739k,8bit,H265
#VIDEO,STARTS,20191216,104406036,156385,G9BloomingAppleOrchards,360Video,ERP,4096x2048,10s,29.97fps,QP22,10304k,8bit,H265,,
#VIDEO,ENDS,20191216,104416068,166416,,,,,,,,,,,,
#RATING,STARTS,20191216,104416167,166516,,,,,,,,,,,,
#RATING,ENDS,20191216,104417295,167644,4,1.126576,G9BloomingAppleOrchards,360Video,ERP,4096x2048,10s,29.97fps,QP22,10304k,8bit,H265
#VIDEO,STARTS,20191216,104418525,168874,G9BloomingAppleOrchards,360Video,ERP,6144x3072,10s,29.97fps,crf10,151287k,8bit,H265,,
#VIDEO,ENDS,20191216,104428545,178894,,,,,,,,,,,,
#RATING,STARTS,20191216,104428782,179130,,,,,,,,,,,,
#RATING,ENDS,20191216,104429648,179997,5,0.8643778,G9BloomingAppleOrchards,360Video,ERP,6144x3072,10s,29.97fps,crf10,151287k,8bit,H265
#VIDEO,STARTS,20191216,104429650,179999,G10PandaBaseChengdu,360Video,ERP,2048x1024,10s,29.97fps,QP22,2760k,8bit,H265,,
#VIDEO,ENDS,20191216,104439692,190040,,,,,,,,,,,,
#RATING,STARTS,20191216,104439721,190069,,,,,,,,,,,,
#RATING,ENDS,20191216,104441991,192339,4,2.2700728,G10PandaBaseChengdu,360Video,ERP,2048x1024,10s,29.97fps,QP22,2760k,8bit,H265
#VIDEO,STARTS,20191216,104441993,192341,G9BloomingAppleOrchards,360Video,ERP,6144x3072,10s,29.97fps,QP22,25602k,8bit,H265,,
#VIDEO,ENDS,20191216,104452025,202374,,,,,,,,,,,,
#RATING,STARTS,20191216,104452268,202617,,,,,,,,,,,,
#RATING,ENDS,20191216,104455262,205611,5,2.9929785,G9BloomingAppleOrchards,360Video,ERP,6144x3072,10s,29.97fps,QP22,25602k,8bit,H265
#VIDEO,STARTS,20191216,104455263,205612,G9BloomingAppleOrchards,360Video,ERP,7680x3840,10s,29.97fps,QP27,19085k,8bit,H265,,
#VIDEO,ENDS,20191216,104505304,215652,,,,,,,,,,,,
#RATING,STARTS,20191216,104505651,216000,,,,,,,,,,,,
#RATING,ENDS,20191216,104507045,217394,5,1.392635,G9BloomingAppleOrchards,360Video,ERP,7680x3840,10s,29.97fps,QP27,19085k,8bit,H265
#VIDEO,STARTS,20191216,104507046,217395,G9BloomingAppleOrchards,360Video,ERP,3600x1800,10s,29.97fps,QP32,2118k,8bit,H265,,
#VIDEO,ENDS,20191216,104517053,227402,,,,,,,,,,,,
#RATING,STARTS,20191216,104517142,227491,,,,,,,,,,,,
#RATING,ENDS,20191216,104518652,229001,4,1.508952,G9BloomingAppleOrchards,360Video,ERP,3600x1800,10s,29.97fps,QP32,2118k,8bit,H265
#VIDEO,STARTS,20191216,104518968,229316,G10PandaBaseChengdu,360Video,ERP,7680x3840,10s,29.97fps,QP32,4958k,8bit,H265,,
#VIDEO,ENDS,20191216,104528985,239334,,,,,,,,,,,,
#RATING,STARTS,20191216,104529336,239684,,,,,,,,,,,,
#RATING,ENDS,20191216,104530971,241320,5,1.6351921,G10PandaBaseChengdu,360Video,ERP,7680x3840,10s,29.97fps,QP32,4958k,8bit,H265
#VIDEO,STARTS,20191216,104530972,241321,G10PandaBaseChengdu,360Video,ERP,6144x3072,10s,29.97fps,QP37,1481k,8bit,H265,,
#VIDEO,ENDS,20191216,104541006,251355,,,,,,,,,,,,
#RATING,STARTS,20191216,104541233,251582,,,,,,,,,,,,
#RATING,ENDS,20191216,104541962,252311,4,0.7281326,G10PandaBaseChengdu,360Video,ERP,6144x3072,10s,29.97fps,QP37,1481k,8bit,H265
#VIDEO,STARTS,20191216,104542287,252635,G10PandaBaseChengdu,360Video,ERP,3600x1800,10s,29.97fps,crf10,57958k,8bit,H265,,
#VIDEO,ENDS,20191216,104552330,262678,,,,,,,,,,,,
#RATING,STARTS,20191216,104552412,262761,,,,,,,,,,,,
#RATING,ENDS,20191216,104553646,263994,5,1.2323737,G10PandaBaseChengdu,360Video,ERP,3600x1800,10s,29.97fps,crf10,57958k,8bit,H265
#VIDEO,STARTS,20191216,104553647,263995,G9BloomingAppleOrchards,360Video,ERP,3600x1800,10s,29.97fps,QP42,588k,8bit,H265,,
#VIDEO,ENDS,20191216,104603667,274015,,,,,,,,,,,,
#RATING,STARTS,20191216,104603756,274105,,,,,,,,,,,,
#RATING,ENDS,20191216,104606301,276650,2,2.5445591,G9BloomingAppleOrchards,360Video,ERP,3600x1800,10s,29.97fps,QP42,588k,8bit,H265
#VIDEO,STARTS,20191216,104606303,276652,G10PandaBaseChengdu,360Video,ERP,3600x1800,10s,29.97fps,QP37,650k,8bit,H265,,
#VIDEO,ENDS,20191216,104616345,286694,,,,,,,,,,,,
#RATING,STARTS,20191216,104616433,286781,,,,,,,,,,,,
#RATING,ENDS,20191216,104618610,288958,3,2.175891,G10PandaBaseChengdu,360Video,ERP,3600x1800,10s,29.97fps,QP37,650k,8bit,H265
#VIDEO,STARTS,20191216,104618611,288960,G9BloomingAppleOrchards,360Video,ERP,2048x1024,10s,29.97fps,QP42,200k,8bit,H265,,
#VIDEO,ENDS,20191216,104628633,298981,,,,,,,,,,,,
#RATING,STARTS,20191216,104628663,299011,,,,,,,,,,,,
#RATING,ENDS,20191216,104633700,304048,1,5.0368887,G9BloomingAppleOrchards,360Video,ERP,2048x1024,10s,29.97fps,QP42,200k,8bit,H265
#VIDEO,STARTS,20191216,104633701,304049,G9BloomingAppleOrchards,360Video,ERP,7680x3840,10s,29.97fps,crf10,166036k,8bit,H265,,
#VIDEO,ENDS,20191216,104643734,314083,,,,,,,,,,,,
#RATING,STARTS,20191216,104644081,314430,,,,,,,,,,,,
#RATING,ENDS,20191216,104645005,315354,5,0.9224864,G9BloomingAppleOrchards,360Video,ERP,7680x3840,10s,29.97fps,crf10,166036k,8bit,H265
#VIDEO,STARTS,20191216,104645006,315355,G10PandaBaseChengdu,360Video,ERP,2048x1024,10s,29.97fps,QP27,1081k,8bit,H265,,
#VIDEO,ENDS,20191216,104655016,325364,,,,,,,,,,,,
#RATING,STARTS,20191216,104655050,325398,,,,,,,,,,,,
#RATING,ENDS,20191216,104656277,326626,2,1.2267292,G10PandaBaseChengdu,360Video,ERP,2048x1024,10s,29.97fps,QP27,1081k,8bit,H265
#VIDEO,STARTS,20191216,104656278,326627,G10PandaBaseChengdu,360Video,ERP,2048x1024,10s,29.97fps,QP32,478k,8bit,H265,,
#VIDEO,ENDS,20191216,104706297,336646,,,,,,,,,,,,
#RATING,STARTS,20191216,104706328,336676,,,,,,,,,,,,
#RATING,ENDS,20191216,104708104,338453,2,1.7755748,G10PandaBaseChengdu,360Video,ERP,2048x1024,10s,29.97fps,QP32,478k,8bit,H265
#VIDEO,STARTS,20191216,104708105,338454,G9BloomingAppleOrchards,360Video,ERP,7680x3840,10s,29.97fps,QP37,3735k,8bit,H265,,
#VIDEO,ENDS,20191216,104718126,348474,,,,,,,,,,,,
#RATING,STARTS,20191216,104718478,348826,,,,,,,,,,,,
#RATING,ENDS,20191216,104719887,350235,5,1.4088874,G9BloomingAppleOrchards,360Video,ERP,7680x3840,10s,29.97fps,QP37,3735k,8bit,H265
#VIDEO,STARTS,20191216,104719889,350237,G9BloomingAppleOrchards,360Video,ERP,4096x2048,10s,29.97fps,QP42,732k,8bit,H265,,
#VIDEO,ENDS,20191216,104729921,360270,,,,,,,,,,,,
#RATING,STARTS,20191216,104730029,360377,,,,,,,,,,,,
#RATING,ENDS,20191216,104732912,363261,3,2.8814532,G9BloomingAppleOrchards,360Video,ERP,4096x2048,10s,29.97fps,QP42,732k,8bit,H265
#VIDEO,STARTS,20191216,104732913,363262,G9BloomingAppleOrchards,360Video,ERP,2048x1024,10s,29.97fps,crf10,15842k,8bit,H265,,
#VIDEO,ENDS,20191216,104742934,373283,,,,,,,,,,,,
#RATING,STARTS,20191216,104742967,373316,,,,,,,,,,,,
#RATING,ENDS,20191216,104744997,375345,3,2.0307177,G9BloomingAppleOrchards,360Video,ERP,2048x1024,10s,29.97fps,crf10,15842k,8bit,H265
#VIDEO,STARTS,20191216,104744999,375347,G10PandaBaseChengdu,360Video,ERP,4096x2048,10s,29.97fps,QP42,400k,8bit,H265,,
#VIDEO,ENDS,20191216,104755032,385381,,,,,,,,,,,,
#RATING,STARTS,20191216,104755139,385487,,,,,,,,,,,,
#RATING,ENDS,20191216,104756458,386806,2,1.3180554,G10PandaBaseChengdu,360Video,ERP,4096x2048,10s,29.97fps,QP42,400k,8bit,H265
#VIDEO,STARTS,20191216,104756460,386808,G10PandaBaseChengdu,360Video,ERP,4096x2048,10s,29.97fps,QP27,3988k,8bit,H265,,
#VIDEO,ENDS,20191216,104806492,396841,,,,,,,,,,,,
#RATING,STARTS,20191216,104806607,396956,,,,,,,,,,,,
#RATING,ENDS,20191216,104808309,398658,3,1.701336,G10PandaBaseChengdu,360Video,ERP,4096x2048,10s,29.97fps,QP27,3988k,8bit,H265
#VIDEO,STARTS,20191216,104808311,398660,G10PandaBaseChengdu,360Video,ERP,7680x3840,10s,29.97fps,QP42,1084k,8bit,H265,,
#VIDEO,ENDS,20191216,104818332,408681,,,,,,,,,,,,
#RATING,STARTS,20191216,104818691,409040,,,,,,,,,,,,
#RATING,ENDS,20191216,104820127,410476,3,1.4347798,G10PandaBaseChengdu,360Video,ERP,7680x3840,10s,29.97fps,QP42,1084k,8bit,H265
#VIDEO,STARTS,20191216,104820128,410477,G10PandaBaseChengdu,360Video,ERP,4096x2048,10s,29.97fps,crf10,71459k,8bit,H265,,
#VIDEO,ENDS,20191216,104830149,420498,,,,,,,,,,,,
#RATING,STARTS,20191216,104830250,420598,,,,,,,,,,,,
#RATING,ENDS,20191216,104831990,422339,5,1.7401163,G10PandaBaseChengdu,360Video,ERP,4096x2048,10s,29.97fps,crf10,71459k,8bit,H265
#VIDEO,STARTS,20191216,104831992,422341,G10PandaBaseChengdu,360Video,ERP,4096x2048,10s,29.97fps,QP37,782k,8bit,H265,,
#VIDEO,ENDS,20191216,104842012,432361,,,,,,,,,,,,
#RATING,STARTS,20191216,104842123,432471,,,,,,,,,,,,
#RATING,ENDS,20191216,104843025,433374,3,0.9014178,G10PandaBaseChengdu,360Video,ERP,4096x2048,10s,29.97fps,QP37,782k,8bit,H265
#VIDEO,STARTS,20191216,104843388,433736,G9BloomingAppleOrchards,360Video,ERP,6144x3072,10s,29.97fps,QP32,4971k,8bit,H265,,
#VIDEO,ENDS,20191216,104853393,443742,,,,,,,,,,,,
#RATING,STARTS,20191216,104853636,443984,,,,,,,,,,,,
#RATING,ENDS,20191216,104854452,444801,4,0.815471,G9BloomingAppleOrchards,360Video,ERP,6144x3072,10s,29.97fps,QP32,4971k,8bit,H265
#VIDEO,STARTS,20191216,104854453,444802,G10PandaBaseChengdu,360Video,ERP,2048x1024,10s,29.97fps,QP37,242k,8bit,H265,,
#VIDEO,ENDS,20191216,104904473,454821,,,,,,,,,,,,
#RATING,STARTS,20191216,104904507,454856,,,,,,,,,,,,
#RATING,ENDS,20191216,104905824,456173,1,1.3159505,G10PandaBaseChengdu,360Video,ERP,2048x1024,10s,29.97fps,QP37,242k,8bit,H265
#VIDEO,STARTS,20191216,104906554,456903,G10PandaBaseChengdu,360Video,ERP,7680x3840,10s,29.97fps,QP22,27192k,8bit,H265,,
#VIDEO,ENDS,20191216,104916571,466920,,,,,,,,,,,,
#RATING,STARTS,20191216,104916915,467264,,,,,,,,,,,,
#RATING,ENDS,20191216,104919005,469353,5,2.0893664,G10PandaBaseChengdu,360Video,ERP,7680x3840,10s,29.97fps,QP22,27192k,8bit,H265
#VIDEO,STARTS,20191216,104919218,469567,G9BloomingAppleOrchards,360Video,ERP,7680x3840,10s,29.97fps,QP22,43270k,8bit,H265,,
#VIDEO,ENDS,20191216,104929227,479575,,,,,,,,,,,,
#RATING,STARTS,20191216,104929591,479940,,,,,,,,,,,,
#RATING,ENDS,20191216,104931661,482009,5,2.0698115,G9BloomingAppleOrchards,360Video,ERP,7680x3840,10s,29.97fps,QP22,43270k,8bit,H265
#VIDEO,STARTS,20191216,104931686,482034,G10PandaBaseChengdu,360Video,ERP,6144x3072,10s,29.97fps,crf10,130031k,8bit,H265,,
#VIDEO,ENDS,20191216,104941713,492061,,,,,,,,,,,,
#RATING,STARTS,20191216,104941944,492292,,,,,,,,,,,,
#RATING,ENDS,20191216,104943254,493602,4,1.3081158,G10PandaBaseChengdu,360Video,ERP,6144x3072,10s,29.97fps,crf10,130031k,8bit,H265
#VIDEO,STARTS,20191216,104943255,493603,G10PandaBaseChengdu,360Video,ERP,3600x1800,10s,29.97fps,QP22,8661k,8bit,H265,,
#VIDEO,ENDS,20191216,104953275,503624,,,,,,,,,,,,
#RATING,STARTS,20191216,104953368,503716,,,,,,,,,,,,
#RATING,ENDS,20191216,104954814,505162,4,1.4468644,G10PandaBaseChengdu,360Video,ERP,3600x1800,10s,29.97fps,QP22,8661k,8bit,H265
#VIDEO,STARTS,20191216,104954815,505163,G10PandaBaseChengdu,360Video,ERP,3600x1800,10s,29.97fps,QP42,335k,8bit,H265,,
#VIDEO,ENDS,20191216,105004846,515194,,,,,,,,,,,,
#RATING,STARTS,20191216,105004930,515279,,,,,,,,,,,,
#RATING,ENDS,20191216,105006587,516935,2,1.6567232,G10PandaBaseChengdu,360Video,ERP,3600x1800,10s,29.97fps,QP42,335k,8bit,H265
#VIDEO,STARTS,20191216,105006588,516936,G10PandaBaseChengdu,360Video,ERP,4096x2048,10s,29.97fps,QP32,1587k,8bit,H265,,
#VIDEO,ENDS,20191216,105016632,526981,,,,,,,,,,,,
#RATING,STARTS,20191216,105016752,527100,,,,,,,,,,,,
#RATING,ENDS,20191216,105020761,531109,3,4.0087837,G10PandaBaseChengdu,360Video,ERP,4096x2048,10s,29.97fps,QP32,1587k,8bit,H265
#VIDEO,STARTS,20191216,105020763,531111,G9BloomingAppleOrchards,360Video,ERP,6144x3072,10s,29.97fps,QP27,10684k,8bit,H265,,
#VIDEO,ENDS,20191216,105030784,541133,,,,,,,,,,,,
#RATING,STARTS,20191216,105031015,541363,,,,,,,,,,,,
#RATING,ENDS,20191216,105032479,542827,4,1.4638858,G9BloomingAppleOrchards,360Video,ERP,6144x3072,10s,29.97fps,QP27,10684k,8bit,H265
#VIDEO,STARTS,20191216,105032480,542828,G9BloomingAppleOrchards,360Video,ERP,2048x1024,10s,29.97fps,QP27,1270k,8bit,H265,,
#VIDEO,ENDS,20191216,105042490,552839,,,,,,,,,,,,
#RATING,STARTS,20191216,105042518,552866,,,,,,,,,,,,
#RATING,ENDS,20191216,105043527,553876,2,1.008339,G9BloomingAppleOrchards,360Video,ERP,2048x1024,10s,29.97fps,QP27,1270k,8bit,H265
#VIDEO,STARTS,20191216,105044211,554560,G9BloomingAppleOrchards,360Video,ERP,7680x3840,10s,29.97fps,QP42,1964k,8bit,H265,,
#VIDEO,ENDS,20191216,105054228,564577,,,,,,,,,,,,
#RATING,STARTS,20191216,105054578,564927,,,,,,,,,,,,
#RATING,ENDS,20191216,105057433,567781,3,2.8533021,G9BloomingAppleOrchards,360Video,ERP,7680x3840,10s,29.97fps,QP42,1964k,8bit,H265
#VIDEO,STARTS,20191216,105057434,567782,G9BloomingAppleOrchards,360Video,ERP,7680x3840,10s,29.97fps,QP32,7728k,8bit,H265,,
#VIDEO,ENDS,20191216,105107455,577804,,,,,,,,,,,,
#RATING,STARTS,20191216,105107809,578158,,,,,,,,,,,,
#RATING,ENDS,20191216,105109843,580192,4,2.032749,G9BloomingAppleOrchards,360Video,ERP,7680x3840,10s,29.97fps,QP32,7728k,8bit,H265
#VIDEO,STARTS,20191216,105109844,580193,G10PandaBaseChengdu,360Video,ERP,3600x1800,10s,29.97fps,QP32,1289k,8bit,H265,,
#VIDEO,ENDS,20191216,105119875,590224,,,,,,,,,,,,
#RATING,STARTS,20191216,105119962,590311,,,,,,,,,,,,
#RATING,ENDS,20191216,105121883,592232,3,1.9208838,G10PandaBaseChengdu,360Video,ERP,3600x1800,10s,29.97fps,QP32,1289k,8bit,H265
#VIDEO,STARTS,20191216,105121885,592234,G10PandaBaseChengdu,360Video,ERP,6144x3072,10s,29.97fps,QP27,8439k,8bit,H265,,
#VIDEO,ENDS,20191216,105131894,602242,,,,,,,,,,,,
#RATING,STARTS,20191216,105132128,602477,,,,,,,,,,,,
#RATING,ENDS,20191216,105133322,603671,4,1.1942203,G10PandaBaseChengdu,360Video,ERP,6144x3072,10s,29.97fps,QP27,8439k,8bit,H265
#VIDEO,STARTS,20191216,105133323,603672,G10PandaBaseChengdu,360Video,ERP,3600x1800,10s,29.97fps,QP27,3192k,8bit,H265,,
#VIDEO,ENDS,20191216,105143345,613694,,,,,,,,,,,,
#RATING,STARTS,20191216,105143425,613773,,,,,,,,,,,,
#RATING,ENDS,20191216,105146401,616750,3,2.9765678,G10PandaBaseChengdu,360Video,ERP,3600x1800,10s,29.97fps,QP27,3192k,8bit,H265
#VIDEO,STARTS,20191216,105146402,616751,G9BloomingAppleOrchards,360Video,ERP,6144x3072,10s,29.97fps,QP37,2635k,8bit,H265,,
#VIDEO,ENDS,20191216,105156423,626772,,,,,,,,,,,,
#RATING,STARTS,20191216,105156668,627017,,,,,,,,,,,,
#RATING,ENDS,20191216,105159693,630042,4,3.0241113,G9BloomingAppleOrchards,360Video,ERP,6144x3072,10s,29.97fps,QP37,2635k,8bit,H265
#VIDEO,STARTS,20191216,105159694,630043,G9BloomingAppleOrchards,360Video,ERP,4096x2048,10s,29.97fps,QP37,1437k,8bit,H265,,
#VIDEO,ENDS,20191216,105209704,640053,,,,,,,,,,,,
#RATING,STARTS,20191216,105209812,640161,,,,,,,,,,,,
#RATING,ENDS,20191216,105211802,642151,3,1.9888433,G9BloomingAppleOrchards,360Video,ERP,4096x2048,10s,29.97fps,QP37,1437k,8bit,H265
#VIDEO,STARTS,20191216,105211803,642152,G9BloomingAppleOrchards,360Video,ERP,2048x1024,10s,29.97fps,QP37,408k,8bit,H265,,
#VIDEO,ENDS,20191216,105221822,652170,,,,,,,,,,,,
#RATING,STARTS,20191216,105221845,652193,,,,,,,,,,,,
#RATING,ENDS,20191216,105226612,656960,2,4.7660474,G9BloomingAppleOrchards,360Video,ERP,2048x1024,10s,29.97fps,QP37,408k,8bit,H265
#VIDEO,STARTS,20191216,105226613,656961,G10PandaBaseChengdu,360Video,ERP,6144x3072,10s,29.97fps,QP42,764k,8bit,H265,,
#VIDEO,ENDS,20191216,105236634,666982,,,,,,,,,,,,
#RATING,STARTS,20191216,105236867,667216,,,,,,,,,,,,
#RATING,ENDS,20191216,105238397,668746,3,1.5290142,G10PandaBaseChengdu,360Video,ERP,6144x3072,10s,29.97fps,QP42,764k,8bit,H265
#VIDEO,STARTS,20191216,105238398,668747,G10PandaBaseChengdu,360Video,ERP,2048x1024,10s,29.97fps,crf10,20296k,8bit,H265,,
#VIDEO,ENDS,20191216,105248429,678777,,,,,,,,,,,,
#RATING,STARTS,20191216,105248454,678802,,,,,,,,,,,,
#RATING,ENDS,20191216,105250048,680397,3,1.5933928,G10PandaBaseChengdu,360Video,ERP,2048x1024,10s,29.97fps,crf10,20296k,8bit,H265
#VIDEO,STARTS,20191216,105250209,680557,G10PandaBaseChengdu,360Video,ERP,7680x3840,10s,29.97fps,QP37,2127k,8bit,H265,,
#VIDEO,ENDS,20191216,105300225,690574,,,,,,,,,,,,
#RATING,STARTS,20191216,105300566,690914,,,,,,,,,,,,
#RATING,ENDS,20191216,105301454,691802,3,0.8861708,G10PandaBaseChengdu,360Video,ERP,7680x3840,10s,29.97fps,QP37,2127k,8bit,H265
#VIDEO,STARTS,20191216,105301455,691803,G9BloomingAppleOrchards,360Video,ERP,3600x1800,10s,29.97fps,QP37,1169k,8bit,H265,,
#VIDEO,ENDS,20191216,105311464,701813,,,,,,,,,,,,
#RATING,STARTS,20191216,105311546,701894,,,,,,,,,,,,
#RATING,ENDS,20191216,105312912,703260,3,1.3659778,G9BloomingAppleOrchards,360Video,ERP,3600x1800,10s,29.97fps,QP37,1169k,8bit,H265
#VIDEO,STARTS,20191216,105312913,703261,G9BloomingAppleOrchards,360Video,ERP,3600x1800,10s,29.97fps,QP27,3858k,8bit,H265,,
#VIDEO,ENDS,20191216,105322933,713282,,,,,,,,,,,,
#RATING,STARTS,20191216,105323015,713364,,,,,,,,,,,,
#RATING,ENDS,20191216,105325187,715535,3,2.1721562,G9BloomingAppleOrchards,360Video,ERP,3600x1800,10s,29.97fps,QP27,3858k,8bit,H265
#VIDEO,STARTS,20191216,105325188,715536,G9BloomingAppleOrchards,360Video,ERP,2048x1024,10s,29.97fps,QP22,2209k,8bit,H265,,
#VIDEO,ENDS,20191216,105335221,725570,,,,,,,,,,,,
#RATING,STARTS,20191216,105335251,725600,,,,,,,,,,,,
#RATING,ENDS,20191216,105336603,726952,2,1.3511517,G9BloomingAppleOrchards,360Video,ERP,2048x1024,10s,29.97fps,QP22,2209k,8bit,H265
#VIDEO,STARTS,20191216,105336618,726967,G9BloomingAppleOrchards,360Video,ERP,4096x2048,10s,29.97fps,crf10,73361k,8bit,H265,,
#VIDEO,ENDS,20191216,105346637,736985,,,,,,,,,,,,
#RATING,STARTS,20191216,105346747,737096,,,,,,,,,,,,
#RATING,ENDS,20191216,105348097,738445,4,1.3492106,G9BloomingAppleOrchards,360Video,ERP,4096x2048,10s,29.97fps,crf10,73361k,8bit,H265
#VIDEO,STARTS,20191216,105348098,738446,G9BloomingAppleOrchards,360Video,ERP,4096x2048,10s,29.97fps,QP32,2621k,8bit,H265,,
#VIDEO,ENDS,20191216,105358130,748479,,,,,,,,,,,,
#RATING,STARTS,20191216,105358235,748584,,,,,,,,,,,,
#RATING,ENDS,20191216,105400629,750978,2,2.393015,G9BloomingAppleOrchards,360Video,ERP,4096x2048,10s,29.97fps,QP32,2621k,8bit,H265
#VIDEO,STARTS,20191216,105401135,751484,G10PandaBaseChengdu,360Video,ERP,7680x3840,10s,29.97fps,crf10,136685k,8bit,H265,,
#VIDEO,ENDS,20191216,105411154,761503,,,,,,,,,,,,
#RATING,STARTS,20191216,105411518,761866,,,,,,,,,,,,
#RATING,ENDS,20191216,105413062,763411,5,1.5433496,G10PandaBaseChengdu,360Video,ERP,7680x3840,10s,29.97fps,crf10,136685k,8bit,H265
#VIDEO,STARTS,20191216,105413063,763412,G4Alcatraz,360Video,ERP,4096x2048,10s,29.97fps,QP42,2081k,8bit,H265,,
#VIDEO,ENDS,20191216,105423094,773443,,,,,,,,,,,,
#RATING,STARTS,20191216,105423203,773551,,,,,,,,,,,,
#RATING,ENDS,20191216,105425885,776234,2,2.6811877,G4Alcatraz,360Video,ERP,4096x2048,10s,29.97fps,QP42,2081k,8bit,H265
#VIDEO,STARTS,20191216,105425887,776236,G2FormationPace,360Video,ERP,4096x2048,10s,29.97fps,crf10,48673k,8bit,H265,,
#VIDEO,ENDS,20191216,105435896,786244,,,,,,,,,,,,
#RATING,STARTS,20191216,105435999,786347,,,,,,,,,,,,
#RATING,ENDS,20191216,105437725,788074,4,1.7252051,G2FormationPace,360Video,ERP,4096x2048,10s,29.97fps,crf10,48673k,8bit,H265
#VIDEO,STARTS,20191216,105437727,788076,G2FormationPace,360Video,ERP,6144x3072,10s,29.97fps,QP42,1228k,8bit,H265,,
#VIDEO,ENDS,20191216,105447746,798094,,,,,,,,,,,,
#RATING,STARTS,20191216,105447969,798318,,,,,,,,,,,,
#RATING,ENDS,20191216,105449766,800115,2,1.7962039,G2FormationPace,360Video,ERP,6144x3072,10s,29.97fps,QP42,1228k,8bit,H265
#VIDEO,STARTS,20191216,105451054,801402,G4Alcatraz,360Video,ERP,7680x3840,10s,29.97fps,crf10,226786k,8bit,H265,,
#VIDEO,ENDS,20191216,105501073,811422,,,,,,,,,,,,
#RATING,STARTS,20191216,105501432,811781,,,,,,,,,,,,
#RATING,ENDS,20191216,105502456,812805,5,1.022146,G4Alcatraz,360Video,ERP,7680x3840,10s,29.97fps,crf10,226786k,8bit,H265
#VIDEO,STARTS,20191216,105502457,812806,G4Alcatraz,360Video,ERP,4096x2048,10s,29.97fps,QP22,35367k,8bit,H265,,
#VIDEO,ENDS,20191216,105512465,822813,,,,,,,,,,,,
#RATING,STARTS,20191216,105512564,822913,,,,,,,,,,,,
#RATING,ENDS,20191216,105513858,824206,5,1.293698,G4Alcatraz,360Video,ERP,4096x2048,10s,29.97fps,QP22,35367k,8bit,H265
#VIDEO,STARTS,20191216,105514287,824636,G2FormationPace,360Video,ERP,6144x3072,10s,29.97fps,crf10,88060k,8bit,H265,,
#VIDEO,ENDS,20191216,105524317,834666,,,,,,,,,,,,
#RATING,STARTS,20191216,105524542,834890,,,,,,,,,,,,
#RATING,ENDS,20191216,105525610,835959,5,1.0676141,G2FormationPace,360Video,ERP,6144x3072,10s,29.97fps,crf10,88060k,8bit,H265
#VIDEO,STARTS,20191216,105525611,835960,G2FormationPace,360Video,ERP,3600x1800,10s,29.97fps,QP37,1181k,8bit,H265,,
#VIDEO,ENDS,20191216,105535642,845991,,,,,,,,,,,,
#RATING,STARTS,20191216,105535719,846068,,,,,,,,,,,,
#RATING,ENDS,20191216,105537003,847351,4,1.2834528,G2FormationPace,360Video,ERP,3600x1800,10s,29.97fps,QP37,1181k,8bit,H265
#VIDEO,STARTS,20191216,105537004,847352,G2FormationPace,360Video,ERP,2048x1024,10s,29.97fps,QP42,167k,8bit,H265,,
#VIDEO,ENDS,20191216,105547026,857374,,,,,,,,,,,,
#RATING,STARTS,20191216,105547049,857397,,,,,,,,,,,,
#RATING,ENDS,20191216,105548162,858511,1,1.1121277,G2FormationPace,360Video,ERP,2048x1024,10s,29.97fps,QP42,167k,8bit,H265
#VIDEO,STARTS,20191216,105548163,858512,G4Alcatraz,360Video,ERP,3600x1800,10s,29.97fps,QP32,8356k,8bit,H265,,
#VIDEO,ENDS,20191216,105558185,868533,,,,,,,,,,,,
#RATING,STARTS,20191216,105558268,868616,,,,,,,,,,,,
#RATING,ENDS,20191216,105600874,871222,4,2.6053579,G4Alcatraz,360Video,ERP,3600x1800,10s,29.97fps,QP32,8356k,8bit,H265
#VIDEO,STARTS,20191216,105600875,871223,G4Alcatraz,360Video,ERP,2048x1024,10s,29.97fps,QP42,518k,8bit,H265,,
#VIDEO,ENDS,20191216,105610895,881243,,,,,,,,,,,,
#RATING,STARTS,20191216,105610920,881268,,,,,,,,,,,,
#RATING,ENDS,20191216,105611976,882325,1,1.0553256,G4Alcatraz,360Video,ERP,2048x1024,10s,29.97fps,QP42,518k,8bit,H265
#VIDEO,STARTS,20191216,105611977,882326,G2FormationPace,360Video,ERP,2048x1024,10s,29.97fps,crf10,15940k,8bit,H265,,
#VIDEO,ENDS,20191216,105621999,892348,,,,,,,,,,,,
#RATING,STARTS,20191216,105622022,892371,,,,,,,,,,,,
#RATING,ENDS,20191216,105622967,893316,3,0.9442025,G2FormationPace,360Video,ERP,2048x1024,10s,29.97fps,crf10,15940k,8bit,H265
#VIDEO,STARTS,20191216,105623965,894314,G4Alcatraz,360Video,ERP,7680x3840,10s,29.97fps,QP32,24887k,8bit,H265,,
#VIDEO,ENDS,20191216,105633983,904332,,,,,,,,,,,,
#RATING,STARTS,20191216,105634346,904695,,,,,,,,,,,,
#RATING,ENDS,20191216,105636148,906497,4,1.7997273,G4Alcatraz,360Video,ERP,7680x3840,10s,29.97fps,QP32,24887k,8bit,H265
#VIDEO,STARTS,20191216,105636476,906825,G4Alcatraz,360Video,ERP,7680x3840,10s,29.97fps,QP22,85273k,8bit,H265,,
#VIDEO,ENDS,20191216,105646493,916842,,,,,,,,,,,,
#RATING,STARTS,20191216,105646851,917200,,,,,,,,,,,,
#RATING,ENDS,20191216,105648278,918627,5,1.4240206,G4Alcatraz,360Video,ERP,7680x3840,10s,29.97fps,QP22,85273k,8bit,H265
#VIDEO,STARTS,20191216,105648279,918628,G4Alcatraz,360Video,ERP,2048x1024,10s,29.97fps,QP27,6386k,8bit,H265,,
#VIDEO,ENDS,20191216,105658311,928660,,,,,,,,,,,,
#RATING,STARTS,20191216,105658335,928683,,,,,,,,,,,,
#RATING,ENDS,20191216,105659237,929586,2,0.9011533,G4Alcatraz,360Video,ERP,2048x1024,10s,29.97fps,QP27,6386k,8bit,H265
#VIDEO,STARTS,20191216,105659795,930143,G2FormationPace,360Video,ERP,6144x3072,10s,29.97fps,QP22,21564k,8bit,H265,,
#VIDEO,ENDS,20191216,105709817,940166,,,,,,,,,,,,
#RATING,STARTS,20191216,105710048,940396,,,,,,,,,,,,
#RATING,ENDS,20191216,105711244,941593,5,1.1942038,G2FormationPace,360Video,ERP,6144x3072,10s,29.97fps,QP22,21564k,8bit,H265
#VIDEO,STARTS,20191216,105711245,941594,G2FormationPace,360Video,ERP,4096x2048,10s,29.97fps,QP42,616k,8bit,H265,,
#VIDEO,ENDS,20191216,105721287,951636,,,,,,,,,,,,
#RATING,STARTS,20191216,105721397,951746,,,,,,,,,,,,
#RATING,ENDS,20191216,105725486,955835,2,4.0889637,G2FormationPace,360Video,ERP,4096x2048,10s,29.97fps,QP42,616k,8bit,H265
#VIDEO,STARTS,20191216,105725487,955836,G2FormationPace,360Video,ERP,7680x3840,10s,29.97fps,QP22,30206k,8bit,H265,,
#VIDEO,ENDS,20191216,105735507,965855,,,,,,,,,,,,
#RATING,STARTS,20191216,105735852,966201,,,,,,,,,,,,
#RATING,ENDS,20191216,105738006,968355,5,2.1543463,G2FormationPace,360Video,ERP,7680x3840,10s,29.97fps,QP22,30206k,8bit,H265
#VIDEO,STARTS,20191216,105738007,968356,G4Alcatraz,360Video,ERP,6144x3072,10s,29.97fps,QP32,17993k,8bit,H265,,
#VIDEO,ENDS,20191216,105748040,978388,,,,,,,,,,,,
#RATING,STARTS,20191216,105748277,978626,,,,,,,,,,,,
#RATING,ENDS,20191216,105749947,980296,5,1.6702465,G4Alcatraz,360Video,ERP,6144x3072,10s,29.97fps,QP32,17993k,8bit,H265
#VIDEO,STARTS,20191216,105749948,980297,G4Alcatraz,360Video,ERP,2048x1024,10s,29.97fps,crf10,31544k,8bit,H265,,
#VIDEO,ENDS,20191216,105759991,990339,,,,,,,,,,,,
#RATING,STARTS,20191216,105800022,990371,,,,,,,,,,,,
#RATING,ENDS,20191216,105803038,993387,3,3.0149143,G4Alcatraz,360Video,ERP,2048x1024,10s,29.97fps,crf10,31544k,8bit,H265
#VIDEO,STARTS,20191216,105803040,993389,G2FormationPace,360Video,ERP,3600x1800,10s,29.97fps,QP22,9834k,8bit,H265,,
#VIDEO,ENDS,20191216,105813060,1003409,,,,,,,,,,,,
#RATING,STARTS,20191216,105813135,1003484,,,,,,,,,,,,
#RATING,ENDS,20191216,105814308,1004657,4,1.1718055,G2FormationPace,360Video,ERP,3600x1800,10s,29.97fps,QP22,9834k,8bit,H265
#VIDEO,STARTS,20191216,105814310,1004659,G4Alcatraz,360Video,ERP,3600x1800,10s,29.97fps,QP27,16033k,8bit,H265,,
#VIDEO,ENDS,20191216,105824318,1014666,,,,,,,,,,,,
#RATING,STARTS,20191216,105824396,1014745,,,,,,,,,,,,
#RATING,ENDS,20191216,105827243,1017592,4,2.846934,G4Alcatraz,360Video,ERP,3600x1800,10s,29.97fps,QP27,16033k,8bit,H265
#VIDEO,STARTS,20191216,105827244,1017593,G4Alcatraz,360Video,ERP,2048x1024,10s,29.97fps,QP22,11608k,8bit,H265,,
#VIDEO,ENDS,20191216,105837264,1027613,,,,,,,,,,,,
#RATING,STARTS,20191216,105837290,1027639,,,,,,,,,,,,
#RATING,ENDS,20191216,105839664,1030013,2,2.3709869,G4Alcatraz,360Video,ERP,2048x1024,10s,29.97fps,QP22,11608k,8bit,H265
#VIDEO,STARTS,20191216,105839665,1030014,G2FormationPace,360Video,ERP,7680x3840,10s,29.97fps,QP32,7561k,8bit,H265,,
#VIDEO,ENDS,20191216,105849686,1040035,,,,,,,,,,,,
#RATING,STARTS,20191216,105850045,1040394,,,,,,,,,,,,
#RATING,ENDS,20191216,105852454,1042803,4,2.4086817,G2FormationPace,360Video,ERP,7680x3840,10s,29.97fps,QP32,7561k,8bit,H265
#VIDEO,STARTS,20191216,105852456,1042805,G2FormationPace,360Video,ERP,7680x3840,10s,29.97fps,QP42,1754k,8bit,H265,,
#VIDEO,ENDS,20191216,105902488,1052837,,,,,,,,,,,,
#RATING,STARTS,20191216,105902845,1053194,,,,,,,,,,,,
#RATING,ENDS,20191216,105903813,1054162,3,0.9670042,G2FormationPace,360Video,ERP,7680x3840,10s,29.97fps,QP42,1754k,8bit,H265
#VIDEO,STARTS,20191216,105903815,1054164,G2FormationPace,360Video,ERP,3600x1800,10s,29.97fps,QP42,498k,8bit,H265,,
#VIDEO,ENDS,20191216,105913824,1064172,,,,,,,,,,,,
#RATING,STARTS,20191216,105913902,1064251,,,,,,,,,,,,
#RATING,ENDS,20191216,105914727,1065076,1,0.8239167,G2FormationPace,360Video,ERP,3600x1800,10s,29.97fps,QP42,498k,8bit,H265
#VIDEO,STARTS,20191216,105914728,1065077,G4Alcatraz,360Video,ERP,3600x1800,10s,29.97fps,QP22,29210k,8bit,H265,,
#VIDEO,ENDS,20191216,105924749,1075097,,,,,,,,,,,,
#RATING,STARTS,20191216,105924836,1075184,,,,,,,,,,,,
#RATING,ENDS,20191216,105926253,1076601,4,1.4163062,G4Alcatraz,360Video,ERP,3600x1800,10s,29.97fps,QP22,29210k,8bit,H265
#VIDEO,STARTS,20191216,105926254,1076602,G2FormationPace,360Video,ERP,6144x3072,10s,29.97fps,QP32,5506k,8bit,H265,,
#VIDEO,ENDS,20191216,105936265,1086613,,,,,,,,,,,,
#RATING,STARTS,20191216,105936492,1086841,,,,,,,,,,,,
#RATING,ENDS,20191216,105937814,1088163,4,1.3211605,G2FormationPace,360Video,ERP,6144x3072,10s,29.97fps,QP32,5506k,8bit,H265
#VIDEO,STARTS,20191216,105938586,1088935,G4Alcatraz,360Video,ERP,7680x3840,10s,29.97fps,QP27,47302k,8bit,H265,,
#VIDEO,ENDS,20191216,105948608,1098957,,,,,,,,,,,,
#RATING,STARTS,20191216,105948956,1099304,,,,,,,,,,,,
#RATING,ENDS,20191216,105950492,1100840,5,1.5369027,G4Alcatraz,360Video,ERP,7680x3840,10s,29.97fps,QP27,47302k,8bit,H265
#VIDEO,STARTS,20191216,105951337,1101686,G2FormationPace,360Video,ERP,7680x3840,10s,29.97fps,crf10,120957k,8bit,H265,,
#VIDEO,ENDS,20191216,110001364,1111713,,,,,,,,,,,,
#RATING,STARTS,20191216,110001713,1112062,,,,,,,,,,,,
#RATING,ENDS,20191216,110002925,1113273,5,1.2117327,G2FormationPace,360Video,ERP,7680x3840,10s,29.97fps,crf10,120957k,8bit,H265
#VIDEO,STARTS,20191216,110003286,1113634,G4Alcatraz,360Video,ERP,6144x3072,10s,29.97fps,QP22,63626k,8bit,H265,,
#VIDEO,ENDS,20191216,110013314,1123663,,,,,,,,,,,,
#RATING,STARTS,20191216,110013553,1123902,,,,,,,,,,,,
#RATING,ENDS,20191216,110014878,1125226,5,1.3232327,G4Alcatraz,360Video,ERP,6144x3072,10s,29.97fps,QP22,63626k,8bit,H265
#VIDEO,STARTS,20191216,110014879,1125227,G2FormationPace,360Video,ERP,3600x1800,10s,29.97fps,crf10,40026k,8bit,H265,,
#VIDEO,ENDS,20191216,110024887,1135235,,,,,,,,,,,,
#RATING,STARTS,20191216,110024978,1135326,,,,,,,,,,,,
#RATING,ENDS,20191216,110026282,1136630,3,1.3032447,G2FormationPace,360Video,ERP,3600x1800,10s,29.97fps,crf10,40026k,8bit,H265
#VIDEO,STARTS,20191216,110026798,1137146,G4Alcatraz,360Video,ERP,7680x3840,10s,29.97fps,QP42,5943k,8bit,H265,,
#VIDEO,ENDS,20191216,110036816,1147164,,,,,,,,,,,,
#RATING,STARTS,20191216,110037158,1147506,,,,,,,,,,,,
#RATING,ENDS,20191216,110040444,1150792,4,3.2857658,G4Alcatraz,360Video,ERP,7680x3840,10s,29.97fps,QP42,5943k,8bit,H265
#VIDEO,STARTS,20191216,110040445,1150793,G4Alcatraz,360Video,ERP,6144x3072,10s,29.97fps,QP27,34200k,8bit,H265,,
#VIDEO,ENDS,20191216,110050476,1160825,,,,,,,,,,,,
#RATING,STARTS,20191216,110050709,1161057,,,,,,,,,,,,
#RATING,ENDS,20191216,110051938,1162287,5,1.2283699,G4Alcatraz,360Video,ERP,6144x3072,10s,29.97fps,QP27,34200k,8bit,H265
#VIDEO,STARTS,20191216,110051940,1162289,G4Alcatraz,360Video,ERP,4096x2048,10s,29.97fps,QP27,19339k,8bit,H265,,
#VIDEO,ENDS,20191216,110101961,1172310,,,,,,,,,,,,
#RATING,STARTS,20191216,110102071,1172420,,,,,,,,,,,,
#RATING,ENDS,20191216,110105230,1175579,5,3.1582885,G4Alcatraz,360Video,ERP,4096x2048,10s,29.97fps,QP27,19339k,8bit,H265
#VIDEO,STARTS,20191216,110105231,1175580,G4Alcatraz,360Video,ERP,6144x3072,10s,29.97fps,crf10,184095k,8bit,H265,,
#VIDEO,ENDS,20191216,110115252,1185601,,,,,,,,,,,,
#RATING,STARTS,20191216,110115483,1185832,,,,,,,,,,,,
#RATING,ENDS,20191216,110117819,1188167,5,2.3354444,G4Alcatraz,360Video,ERP,6144x3072,10s,29.97fps,crf10,184095k,8bit,H265
#VIDEO,STARTS,20191216,110117820,1188168,G2FormationPace,360Video,ERP,2048x1024,10s,29.97fps,QP22,3928k,8bit,H265,,
#VIDEO,ENDS,20191216,110127853,1198201,,,,,,,,,,,,
#RATING,STARTS,20191216,110127881,1198230,,,,,,,,,,,,
#RATING,ENDS,20191216,110130252,1200600,3,2.3683099,G2FormationPace,360Video,ERP,2048x1024,10s,29.97fps,QP22,3928k,8bit,H265
#VIDEO,STARTS,20191216,110130253,1200601,G4Alcatraz,360Video,ERP,6144x3072,10s,29.97fps,QP42,4179k,8bit,H265,,
#VIDEO,ENDS,20191216,110140295,1210644,,,,,,,,,,,,
#RATING,STARTS,20191216,110140526,1210875,,,,,,,,,,,,
#RATING,ENDS,20191216,110141923,1212271,3,1.3964446,G4Alcatraz,360Video,ERP,6144x3072,10s,29.97fps,QP42,4179k,8bit,H265
#VIDEO,STARTS,20191216,110141924,1212272,G2FormationPace,360Video,ERP,6144x3072,10s,29.97fps,QP37,2741k,8bit,H265,,
#VIDEO,ENDS,20191216,110151956,1222305,,,,,,,,,,,,
#RATING,STARTS,20191216,110152186,1222535,,,,,,,,,,,,
#RATING,ENDS,20191216,110153975,1224324,3,1.7878546,G2FormationPace,360Video,ERP,6144x3072,10s,29.97fps,QP37,2741k,8bit,H265
#VIDEO,STARTS,20191216,110153976,1224325,G4Alcatraz,360Video,ERP,4096x2048,10s,29.97fps,QP32,10134k,8bit,H265,,
#VIDEO,ENDS,20191216,110203997,1234346,,,,,,,,,,,,
#RATING,STARTS,20191216,110204127,1234476,,,,,,,,,,,,
#RATING,ENDS,20191216,110207692,1238041,3,3.5652271,G4Alcatraz,360Video,ERP,4096x2048,10s,29.97fps,QP32,10134k,8bit,H265
#VIDEO,STARTS,20191216,110207693,1238042,G4Alcatraz,360Video,ERP,2048x1024,10s,29.97fps,QP37,1421k,8bit,H265,,
#VIDEO,ENDS,20191216,110217702,1248051,,,,,,,,,,,,
#RATING,STARTS,20191216,110217736,1248084,,,,,,,,,,,,
#RATING,ENDS,20191216,110218605,1248954,1,0.8681308,G4Alcatraz,360Video,ERP,2048x1024,10s,29.97fps,QP37,1421k,8bit,H265
#VIDEO,STARTS,20191216,110219023,1249371,G2FormationPace,360Video,ERP,6144x3072,10s,29.97fps,QP27,10890k,8bit,H265,,
#VIDEO,ENDS,20191216,110229050,1259398,,,,,,,,,,,,
#RATING,STARTS,20191216,110229284,1259633,,,,,,,,,,,,
#RATING,ENDS,20191216,110231406,1261755,3,2.1212063,G2FormationPace,360Video,ERP,6144x3072,10s,29.97fps,QP27,10890k,8bit,H265
#VIDEO,STARTS,20191216,110231407,1261756,G4Alcatraz,360Video,ERP,6144x3072,10s,29.97fps,QP37,9157k,8bit,H265,,
#VIDEO,ENDS,20191216,110241439,1271788,,,,,,,,,,,,
#RATING,STARTS,20191216,110241672,1272021,,,,,,,,,,,,
#RATING,ENDS,20191216,110242564,1272913,3,0.8907168,G4Alcatraz,360Video,ERP,6144x3072,10s,29.97fps,QP37,9157k,8bit,H265
#VIDEO,STARTS,20191216,110242566,1272915,G2FormationPace,360Video,ERP,4096x2048,10s,29.97fps,QP22,11921k,8bit,H265,,
#VIDEO,ENDS,20191216,110252586,1282935,,,,,,,,,,,,
#RATING,STARTS,20191216,110252687,1283035,,,,,,,,,,,,
#RATING,ENDS,20191216,110254985,1285334,3,2.2975564,G2FormationPace,360Video,ERP,4096x2048,10s,29.97fps,QP22,11921k,8bit,H265
#VIDEO,STARTS,20191216,110254986,1285335,G4Alcatraz,360Video,ERP,3600x1800,10s,29.97fps,QP37,4007k,8bit,H265,,
#VIDEO,ENDS,20191216,110305017,1295365,,,,,,,,,,,,
#RATING,STARTS,20191216,110305097,1295446,,,,,,,,,,,,
#RATING,ENDS,20191216,110306289,1296637,3,1.1904446,G4Alcatraz,360Video,ERP,3600x1800,10s,29.97fps,QP37,4007k,8bit,H265
#VIDEO,STARTS,20191216,110306291,1296639,G2FormationPace,360Video,ERP,3600x1800,10s,29.97fps,QP27,5028k,8bit,H265,,
#VIDEO,ENDS,20191216,110316322,1306671,,,,,,,,,,,,
#RATING,STARTS,20191216,110316413,1306762,,,,,,,,,,,,
#RATING,ENDS,20191216,110317816,1308165,3,1.402003,G2FormationPace,360Video,ERP,3600x1800,10s,29.97fps,QP27,5028k,8bit,H265
#VIDEO,STARTS,20191216,110317818,1308167,G2FormationPace,360Video,ERP,4096x2048,10s,29.97fps,QP27,6091k,8bit,H265,,
#VIDEO,ENDS,20191216,110327861,1318209,,,,,,,,,,,,
#RATING,STARTS,20191216,110327974,1318323,,,,,,,,,,,,
#RATING,ENDS,20191216,110331544,1321892,3,3.5697276,G2FormationPace,360Video,ERP,4096x2048,10s,29.97fps,QP27,6091k,8bit,H265
#VIDEO,STARTS,20191216,110331545,1321893,G2FormationPace,360Video,ERP,4096x2048,10s,29.97fps,QP32,3042k,8bit,H265,,
#VIDEO,ENDS,20191216,110341555,1331903,,,,,,,,,,,,
#RATING,STARTS,20191216,110341661,1332010,,,,,,,,,,,,
#RATING,ENDS,20191216,110343597,1333945,3,1.9343585,G2FormationPace,360Video,ERP,4096x2048,10s,29.97fps,QP32,3042k,8bit,H265
#VIDEO,STARTS,20191216,110343598,1333946,G4Alcatraz,360Video,ERP,4096x2048,10s,29.97fps,crf10,100813k,8bit,H265,,
#VIDEO,ENDS,20191216,110353629,1343978,,,,,,,,,,,,
#RATING,STARTS,20191216,110353733,1344082,,,,,,,,,,,,
#RATING,ENDS,20191216,110356911,1347259,4,3.1767842,G4Alcatraz,360Video,ERP,4096x2048,10s,29.97fps,crf10,100813k,8bit,H265
#VIDEO,STARTS,20191216,110356912,1347260,G4Alcatraz,360Video,ERP,3600x1800,10s,29.97fps,QP42,1641k,8bit,H265,,
#VIDEO,ENDS,20191216,110406944,1357292,,,,,,,,,,,,
#RATING,STARTS,20191216,110407029,1357378,,,,,,,,,,,,
#RATING,ENDS,20191216,110408293,1358642,2,1.2631642,G4Alcatraz,360Video,ERP,3600x1800,10s,29.97fps,QP42,1641k,8bit,H265
#VIDEO,STARTS,20191216,110408295,1358644,G2FormationPace,360Video,ERP,2048x1024,10s,29.97fps,QP32,921k,8bit,H265,,
#VIDEO,ENDS,20191216,110418303,1368652,,,,,,,,,,,,
#RATING,STARTS,20191216,110418326,1368675,,,,,,,,,,,,
#RATING,ENDS,20191216,110419318,1369667,2,0.9906612,G2FormationPace,360Video,ERP,2048x1024,10s,29.97fps,QP32,921k,8bit,H265
#VIDEO,STARTS,20191216,110419319,1369668,G2FormationPace,360Video,ERP,2048x1024,10s,29.97fps,QP37,412k,8bit,H265,,
#VIDEO,ENDS,20191216,110429339,1379688,,,,,,,,,,,,
#RATING,STARTS,20191216,110429364,1379713,,,,,,,,,,,,
#RATING,ENDS,20191216,110430420,1380769,1,1.0561516,G2FormationPace,360Video,ERP,2048x1024,10s,29.97fps,QP37,412k,8bit,H265
#VIDEO,STARTS,20191216,110430422,1380771,G4Alcatraz,360Video,ERP,4096x2048,10s,29.97fps,QP37,4943k,8bit,H265,,
#VIDEO,ENDS,20191216,110440454,1390803,,,,,,,,,,,,
#RATING,STARTS,20191216,110440556,1390904,,,,,,,,,,,,
#RATING,ENDS,20191216,110441345,1391694,3,0.7895971,G4Alcatraz,360Video,ERP,4096x2048,10s,29.97fps,QP37,4943k,8bit,H265
#VIDEO,STARTS,20191216,110442399,1392747,G2FormationPace,360Video,ERP,7680x3840,10s,29.97fps,QP27,15079k,8bit,H265,,
#VIDEO,ENDS,20191216,110452405,1402754,,,,,,,,,,,,
#RATING,STARTS,20191216,110452764,1403113,,,,,,,,,,,,
#RATING,ENDS,20191216,110454614,1404963,5,1.8487794,G2FormationPace,360Video,ERP,7680x3840,10s,29.97fps,QP27,15079k,8bit,H265
#VIDEO,STARTS,20191216,110454616,1404965,G2FormationPace,360Video,ERP,4096x2048,10s,29.97fps,QP37,1454k,8bit,H265,,
#VIDEO,ENDS,20191216,110504649,1414998,,,,,,,,,,,,
#RATING,STARTS,20191216,110504752,1415100,,,,,,,,,,,,
#RATING,ENDS,20191216,110505774,1416122,2,1.020069,G2FormationPace,360Video,ERP,4096x2048,10s,29.97fps,QP37,1454k,8bit,H265
#VIDEO,STARTS,20191216,110505775,1416123,G2FormationPace,360Video,ERP,3600x1800,10s,29.97fps,QP32,2494k,8bit,H265,,
#VIDEO,ENDS,20191216,110515783,1426132,,,,,,,,,,,,
#RATING,STARTS,20191216,110515863,1426212,,,,,,,,,,,,
#RATING,ENDS,20191216,110518026,1428375,2,2.1630361,G2FormationPace,360Video,ERP,3600x1800,10s,29.97fps,QP32,2494k,8bit,H265
#VIDEO,STARTS,20191216,110518027,1428376,G2FormationPace,360Video,ERP,7680x3840,10s,29.97fps,QP37,3798k,8bit,H265,,
#VIDEO,ENDS,20191216,110528059,1438407,,,,,,,,,,,,
#RATING,STARTS,20191216,110528417,1438765,,,,,,,,,,,,
#RATING,ENDS,20191216,110530514,1440863,3,2.095678,G2FormationPace,360Video,ERP,7680x3840,10s,29.97fps,QP37,3798k,8bit,H265
#VIDEO,STARTS,20191216,110530515,1440864,G4Alcatraz,360Video,ERP,3600x1800,10s,29.97fps,crf10,82617k,8bit,H265,,
#VIDEO,ENDS,20191216,110540536,1450884,,,,,,,,,,,,
#RATING,STARTS,20191216,110540613,1450961,,,,,,,,,,,,
#RATING,ENDS,20191216,110541862,1452210,4,1.2479336,G4Alcatraz,360Video,ERP,3600x1800,10s,29.97fps,crf10,82617k,8bit,H265
#VIDEO,STARTS,20191216,110542446,1452795,G4Alcatraz,360Video,ERP,7680x3840,10s,29.97fps,QP37,12663k,8bit,H265,,
#VIDEO,ENDS,20191216,110552465,1462814,,,,,,,,,,,,
#RATING,STARTS,20191216,110552824,1463173,,,,,,,,,,,,
#RATING,ENDS,20191216,110553949,1464297,4,1.1234136,G4Alcatraz,360Video,ERP,7680x3840,10s,29.97fps,QP37,12663k,8bit,H265
#VIDEO,STARTS,20191216,110553951,1464299,G2FormationPace,360Video,ERP,2048x1024,10s,29.97fps,QP27,1950k,8bit,H265,,
#VIDEO,ENDS,20191216,110603959,1474308,,,,,,,,,,,,
#RATING,STARTS,20191216,110603982,1474331,,,,,,,,,,,,
#RATING,ENDS,20191216,110605655,1476004,2,1.6717091,G2FormationPace,360Video,ERP,2048x1024,10s,29.97fps,QP27,1950k,8bit,H265
#VIDEO,STARTS,20191216,110605656,1476005,G4Alcatraz,360Video,ERP,2048x1024,10s,29.97fps,QP32,3200k,8bit,H265,,
#VIDEO,ENDS,20191216,110615688,1486037,,,,,,,,,,,,
#RATING,STARTS,20191216,110615714,1486063,,,,,,,,,,,,
#RATING,ENDS,20191216,110616947,1487295,2,1.233545,G4Alcatraz,360Video,ERP,2048x1024,10s,29.97fps,QP32,3200k,8bit,H265
#EXPERIMENT,ENDS,20191216,110617898,1488247,1458.204287,,,,,,,,,,,
#SUVERY,STARTS,20191216,110642257,19035,,,,,,,,,,,,
#SUVERY,ENDS,20191216,110726968,63745,,,,,,,,,,,,