#CALIBRATION,STARTS,20190918,152021066,13613,,,,,,,,,,,,
#CALIBRATION,ENDS,20190918,152029876,22423,successful,,,,,,,,,,,
#EXPERIMENT,START,20190918,152031155,23702,9/18/2019 3:20:31 PM,,,,,,,,,,,
#VIDEO,STARTS,20190918,152032176,24723,G4Alcatraz,360Video,ERP,6144x3072,10s,29.97fps,crf10,184095k,8bit,H265,,
#VIDEO,ENDS,20190918,152042213,34760,,,,,,,,,,,,
#RATING,STARTS,20190918,152042461,35008,,,,,,,,,,,,
#RATING,ENDS,20190918,152044794,37341,5,2.3297265,G4Alcatraz,360Video,ERP,6144x3072,10s,29.97fps,crf10,184095k,8bit,H265
#VIDEO,STARTS,20190918,152044795,37342,G2FormationPace,360Video,ERP,3600x1800,10s,29.97fps,QP32,2494k,8bit,H265,,
#VIDEO,ENDS,20190918,152054823,47370,,,,,,,,,,,,
#RATING,STARTS,20190918,152054914,47461,,,,,,,,,,,,
#RATING,ENDS,20190918,152056352,48899,3,1.4376465,G2FormationPace,360Video,ERP,3600x1800,10s,29.97fps,QP32,2494k,8bit,H265
#VIDEO,STARTS,20190918,152056857,49404,G4Alcatraz,360Video,ERP,7680x3840,10s,29.97fps,QP27,47302k,8bit,H265,,
#VIDEO,ENDS,20190918,152106865,59412,,,,,,,,,,,,
#RATING,STARTS,20190918,152107243,59790,,,,,,,,,,,,
#RATING,ENDS,20190918,152108091,60638,5,0.8467733,G4Alcatraz,360Video,ERP,7680x3840,10s,29.97fps,QP27,47302k,8bit,H265
#VIDEO,STARTS,20190918,152108092,60639,G4Alcatraz,360Video,ERP,4096x2048,10s,29.97fps,QP42,2081k,8bit,H265,,
#VIDEO,ENDS,20190918,152118113,70661,,,,,,,,,,,,
#RATING,STARTS,20190918,152118222,70769,,,,,,,,,,,,
#RATING,ENDS,20190918,152119529,72076,2,1.3061557,G4Alcatraz,360Video,ERP,4096x2048,10s,29.97fps,QP42,2081k,8bit,H265
#VIDEO,STARTS,20190918,152119532,72079,G4Alcatraz,360Video,ERP,2048x1024,10s,29.97fps,QP32,3200k,8bit,H265,,
#VIDEO,ENDS,20190918,152129552,82100,,,,,,,,,,,,
#RATING,STARTS,20190918,152129582,82130,,,,,,,,,,,,
#RATING,ENDS,20190918,152130721,83268,2,1.1365873,G4Alcatraz,360Video,ERP,2048x1024,10s,29.97fps,QP32,3200k,8bit,H265
#VIDEO,STARTS,20190918,152131922,84469,G2FormationPace,360Video,ERP,7680x3840,10s,29.97fps,crf10,120957k,8bit,H265,,
#VIDEO,ENDS,20190918,152141938,94485,,,,,,,,,,,,
#RATING,STARTS,20190918,152142308,94855,,,,,,,,,,,,
#RATING,ENDS,20190918,152143004,95552,4,0.6961549,G2FormationPace,360Video,ERP,7680x3840,10s,29.97fps,crf10,120957k,8bit,H265
#VIDEO,STARTS,20190918,152143005,95553,G4Alcatraz,360Video,ERP,3600x1800,10s,29.97fps,QP22,29210k,8bit,H265,,
#VIDEO,ENDS,20190918,152153041,105588,,,,,,,,,,,,
#RATING,STARTS,20190918,152153130,105677,,,,,,,,,,,,
#RATING,ENDS,20190918,152154034,106581,4,0.9033314,G4Alcatraz,360Video,ERP,3600x1800,10s,29.97fps,QP22,29210k,8bit,H265
#VIDEO,STARTS,20190918,152154906,107453,G4Alcatraz,360Video,ERP,7680x3840,10s,29.97fps,QP37,12663k,8bit,H265,,
#VIDEO,ENDS,20190918,152204938,117485,,,,,,,,,,,,
#RATING,STARTS,20190918,152205301,117848,,,,,,,,,,,,
#RATING,ENDS,20190918,152206979,119527,4,1.676785,G4Alcatraz,360Video,ERP,7680x3840,10s,29.97fps,QP37,12663k,8bit,H265
#VIDEO,STARTS,20190918,152206981,119529,G2FormationPace,360Video,ERP,2048x1024,10s,29.97fps,QP32,921k,8bit,H265,,
#VIDEO,ENDS,20190918,152216992,129539,,,,,,,,,,,,
#RATING,STARTS,20190918,152217021,129568,,,,,,,,,,,,
#RATING,ENDS,20190918,152218071,130618,2,1.0507086,G2FormationPace,360Video,ERP,2048x1024,10s,29.97fps,QP32,921k,8bit,H265
#VIDEO,STARTS,20190918,152218072,130619,G4Alcatraz,360Video,ERP,2048x1024,10s,29.97fps,QP37,1421k,8bit,H265,,
#VIDEO,ENDS,20190918,152228104,140651,,,,,,,,,,,,
#RATING,STARTS,20190918,152228137,140684,,,,,,,,,,,,
#RATING,ENDS,20190918,152229375,141922,2,1.2369857,G4Alcatraz,360Video,ERP,2048x1024,10s,29.97fps,QP37,1421k,8bit,H265
#VIDEO,STARTS,20190918,152229378,141925,G2FormationPace,360Video,ERP,4096x2048,10s,29.97fps,QP37,1454k,8bit,H265,,
#VIDEO,ENDS,20190918,152239385,151932,,,,,,,,,,,,
#RATING,STARTS,20190918,152239493,152041,,,,,,,,,,,,
#RATING,ENDS,20190918,152240322,152869,3,0.8281389,G2FormationPace,360Video,ERP,4096x2048,10s,29.97fps,QP37,1454k,8bit,H265
#VIDEO,STARTS,20190918,152240692,153239,G4Alcatraz,360Video,ERP,6144x3072,10s,29.97fps,QP37,9157k,8bit,H265,,
#VIDEO,ENDS,20190918,152250722,163270,,,,,,,,,,,,
#RATING,STARTS,20190918,152250961,163508,,,,,,,,,,,,
#RATING,ENDS,20190918,152251850,164397,4,0.887471,G4Alcatraz,360Video,ERP,6144x3072,10s,29.97fps,QP37,9157k,8bit,H265
#VIDEO,STARTS,20190918,152252120,164667,G4Alcatraz,360Video,ERP,3600x1800,10s,29.97fps,crf10,82617k,8bit,H265,,
#VIDEO,ENDS,20190918,152302138,174686,,,,,,,,,,,,
#RATING,STARTS,20190918,152302231,174778,,,,,,,,,,,,
#RATING,ENDS,20190918,152302914,175461,4,0.6816482,G4Alcatraz,360Video,ERP,3600x1800,10s,29.97fps,crf10,82617k,8bit,H265
#VIDEO,STARTS,20190918,152303357,175904,G2FormationPace,360Video,ERP,6144x3072,10s,29.97fps,QP32,5506k,8bit,H265,,
#VIDEO,ENDS,20190918,152313375,185922,,,,,,,,,,,,
#RATING,STARTS,20190918,152313615,186163,,,,,,,,,,,,
#RATING,ENDS,20190918,152314172,186719,4,0.5561614,G2FormationPace,360Video,ERP,6144x3072,10s,29.97fps,QP32,5506k,8bit,H265
#VIDEO,STARTS,20190918,152314173,186720,G2FormationPace,360Video,ERP,2048x1024,10s,29.97fps,QP22,3928k,8bit,H265,,
#VIDEO,ENDS,20190918,152324189,196736,,,,,,,,,,,,
#RATING,STARTS,20190918,152324222,196769,,,,,,,,,,,,
#RATING,ENDS,20190918,152325090,197637,3,0.8675798,G2FormationPace,360Video,ERP,2048x1024,10s,29.97fps,QP22,3928k,8bit,H265
#VIDEO,STARTS,20190918,152325305,197852,G2FormationPace,360Video,ERP,6144x3072,10s,29.97fps,QP42,1228k,8bit,H265,,
#VIDEO,ENDS,20190918,152335334,207881,,,,,,,,,,,,
#RATING,STARTS,20190918,152335576,208124,,,,,,,,,,,,
#RATING,ENDS,20190918,152336406,208953,3,0.8285779,G2FormationPace,360Video,ERP,6144x3072,10s,29.97fps,QP42,1228k,8bit,H265
#VIDEO,STARTS,20190918,152337675,210222,G4Alcatraz,360Video,ERP,7680x3840,10s,29.97fps,QP22,85273k,8bit,H265,,
#VIDEO,ENDS,20190918,152347700,220248,,,,,,,,,,,,
#RATING,STARTS,20190918,152348070,220618,,,,,,,,,,,,
#RATING,ENDS,20190918,152348972,221519,4,0.9006164,G4Alcatraz,360Video,ERP,7680x3840,10s,29.97fps,QP22,85273k,8bit,H265
#VIDEO,STARTS,20190918,152349555,222102,G4Alcatraz,360Video,ERP,6144x3072,10s,29.97fps,QP22,63626k,8bit,H265,,
#VIDEO,ENDS,20190918,152359586,232133,,,,,,,,,,,,
#RATING,STARTS,20190918,152359824,232371,,,,,,,,,,,,
#RATING,ENDS,20190918,152400540,233087,4,0.7149883,G4Alcatraz,360Video,ERP,6144x3072,10s,29.97fps,QP22,63626k,8bit,H265
#VIDEO,STARTS,20190918,152401532,234079,G2FormationPace,360Video,ERP,7680x3840,10s,29.97fps,QP37,3798k,8bit,H265,,
#VIDEO,ENDS,20190918,152411548,244095,,,,,,,,,,,,
#RATING,STARTS,20190918,152411929,244476,,,,,,,,,,,,
#RATING,ENDS,20190918,152412525,245073,4,0.5956011,G2FormationPace,360Video,ERP,7680x3840,10s,29.97fps,QP37,3798k,8bit,H265
#VIDEO,STARTS,20190918,152413805,246353,G4Alcatraz,360Video,ERP,7680x3840,10s,29.97fps,QP32,24887k,8bit,H265,,
#VIDEO,ENDS,20190918,152423823,256370,,,,,,,,,,,,
#RATING,STARTS,20190918,152424188,256735,,,,,,,,,,,,
#RATING,ENDS,20190918,152425051,257599,3,0.8616187,G4Alcatraz,360Video,ERP,7680x3840,10s,29.97fps,QP32,24887k,8bit,H265
#VIDEO,STARTS,20190918,152425333,257880,G2FormationPace,360Video,ERP,6144x3072,10s,29.97fps,QP37,2741k,8bit,H265,,
#VIDEO,ENDS,20190918,152435362,267909,,,,,,,,,,,,
#RATING,STARTS,20190918,152435596,268143,,,,,,,,,,,,
#RATING,ENDS,20190918,152436320,268867,3,0.7243952,G2FormationPace,360Video,ERP,6144x3072,10s,29.97fps,QP37,2741k,8bit,H265
#VIDEO,STARTS,20190918,152436321,268868,G2FormationPace,360Video,ERP,2048x1024,10s,29.97fps,crf10,15940k,8bit,H265,,
#VIDEO,ENDS,20190918,152446354,278901,,,,,,,,,,,,
#RATING,STARTS,20190918,152446389,278936,,,,,,,,,,,,
#RATING,ENDS,20190918,152447411,279958,3,1.0227572,G2FormationPace,360Video,ERP,2048x1024,10s,29.97fps,crf10,15940k,8bit,H265
#VIDEO,STARTS,20190918,152447674,280221,G4Alcatraz,360Video,ERP,6144x3072,10s,29.97fps,QP27,34200k,8bit,H265,,
#VIDEO,ENDS,20190918,152457694,290241,,,,,,,,,,,,
#RATING,STARTS,20190918,152457933,290480,,,,,,,,,,,,
#RATING,ENDS,20190918,152458634,291181,5,0.700636,G4Alcatraz,360Video,ERP,6144x3072,10s,29.97fps,QP27,34200k,8bit,H265
#VIDEO,STARTS,20190918,152500865,293413,G4Alcatraz,360Video,ERP,7680x3840,10s,29.97fps,crf10,226786k,8bit,H265,,
#VIDEO,ENDS,20190918,152510878,303425,,,,,,,,,,,,
#RATING,STARTS,20190918,152511247,303794,,,,,,,,,,,,
#RATING,ENDS,20190918,152511904,304451,5,0.6562268,G4Alcatraz,360Video,ERP,7680x3840,10s,29.97fps,crf10,226786k,8bit,H265
#VIDEO,STARTS,20190918,152512515,305062,G2FormationPace,360Video,ERP,6144x3072,10s,29.97fps,QP27,10890k,8bit,H265,,
#VIDEO,ENDS,20190918,152522534,315081,,,,,,,,,,,,
#RATING,STARTS,20190918,152522766,315313,,,,,,,,,,,,
#RATING,ENDS,20190918,152523727,316274,4,0.9600355,G2FormationPace,360Video,ERP,6144x3072,10s,29.97fps,QP27,10890k,8bit,H265
#VIDEO,STARTS,20190918,152524524,317071,G2FormationPace,360Video,ERP,7680x3840,10s,29.97fps,QP32,7561k,8bit,H265,,
#VIDEO,ENDS,20190918,152534540,327088,,,,,,,,,,,,
#RATING,STARTS,20190918,152534894,327442,,,,,,,,,,,,
#RATING,ENDS,20190918,152535493,328040,4,0.5984017,G2FormationPace,360Video,ERP,7680x3840,10s,29.97fps,QP32,7561k,8bit,H265
#VIDEO,STARTS,20190918,152535494,328041,G2FormationPace,360Video,ERP,3600x1800,10s,29.97fps,QP42,498k,8bit,H265,,
#VIDEO,ENDS,20190918,152545532,338080,,,,,,,,,,,,
#RATING,STARTS,20190918,152545619,338166,,,,,,,,,,,,
#RATING,ENDS,20190918,152546948,339495,2,1.3278466,G2FormationPace,360Video,ERP,3600x1800,10s,29.97fps,QP42,498k,8bit,H265
#VIDEO,STARTS,20190918,152546949,339496,G2FormationPace,360Video,ERP,4096x2048,10s,29.97fps,QP32,3042k,8bit,H265,,
#VIDEO,ENDS,20190918,152556959,349507,,,,,,,,,,,,
#RATING,STARTS,20190918,152557072,349619,,,,,,,,,,,,
#RATING,ENDS,20190918,152558085,350632,3,1.0120167,G2FormationPace,360Video,ERP,4096x2048,10s,29.97fps,QP32,3042k,8bit,H265
#VIDEO,STARTS,20190918,152558792,351339,G4Alcatraz,360Video,ERP,7680x3840,10s,29.97fps,QP42,5943k,8bit,H265,,
#VIDEO,ENDS,20190918,152608798,361345,,,,,,,,,,,,
#RATING,STARTS,20190918,152609169,361716,,,,,,,,,,,,
#RATING,ENDS,20190918,152610170,362717,4,1.0002654,G4Alcatraz,360Video,ERP,7680x3840,10s,29.97fps,QP42,5943k,8bit,H265
#VIDEO,STARTS,20190918,152610172,362719,G4Alcatraz,360Video,ERP,3600x1800,10s,29.97fps,QP32,8356k,8bit,H265,,
#VIDEO,ENDS,20190918,152620191,372739,,,,,,,,,,,,
#RATING,STARTS,20190918,152620277,372824,,,,,,,,,,,,
#RATING,ENDS,20190918,152621050,373597,3,0.7727812,G4Alcatraz,360Video,ERP,3600x1800,10s,29.97fps,QP32,8356k,8bit,H265
#VIDEO,STARTS,20190918,152621051,373598,G4Alcatraz,360Video,ERP,2048x1024,10s,29.97fps,QP22,11608k,8bit,H265,,
#VIDEO,ENDS,20190918,152631073,383620,,,,,,,,,,,,
#RATING,STARTS,20190918,152631113,383660,,,,,,,,,,,,
#RATING,ENDS,20190918,152632096,384643,3,0.982786,G4Alcatraz,360Video,ERP,2048x1024,10s,29.97fps,QP22,11608k,8bit,H265
#VIDEO,STARTS,20190918,152632098,384645,G4Alcatraz,360Video,ERP,2048x1024,10s,29.97fps,crf10,31544k,8bit,H265,,
#VIDEO,ENDS,20190918,152642130,394678,,,,,,,,,,,,
#RATING,STARTS,20190918,152642157,394704,,,,,,,,,,,,
#RATING,ENDS,20190918,152642998,395545,3,0.8412098,G4Alcatraz,360Video,ERP,2048x1024,10s,29.97fps,crf10,31544k,8bit,H265
#VIDEO,STARTS,20190918,152642999,395546,G2FormationPace,360Video,ERP,2048x1024,10s,29.97fps,QP27,1950k,8bit,H265,,
#VIDEO,ENDS,20190918,152653031,405578,,,,,,,,,,,,
#RATING,STARTS,20190918,152653064,405611,,,,,,,,,,,,
#RATING,ENDS,20190918,152654503,407051,3,1.4383168,G2FormationPace,360Video,ERP,2048x1024,10s,29.97fps,QP27,1950k,8bit,H265
#VIDEO,STARTS,20190918,152654504,407052,G2FormationPace,360Video,ERP,2048x1024,10s,29.97fps,QP42,167k,8bit,H265,,
#VIDEO,ENDS,20190918,152704525,417072,,,,,,,,,,,,
#RATING,STARTS,20190918,152704558,417105,,,,,,,,,,,,
#RATING,ENDS,20190918,152705674,418221,1,1.1142257,G2FormationPace,360Video,ERP,2048x1024,10s,29.97fps,QP42,167k,8bit,H265
#VIDEO,STARTS,20190918,152705675,418222,G4Alcatraz,360Video,ERP,4096x2048,10s,29.97fps,QP27,19339k,8bit,H265,,
#VIDEO,ENDS,20190918,152715696,428243,,,,,,,,,,,,
#RATING,STARTS,20190918,152715814,428361,,,,,,,,,,,,
#RATING,ENDS,20190918,152716643,429190,5,0.8289835,G4Alcatraz,360Video,ERP,4096x2048,10s,29.97fps,QP27,19339k,8bit,H265
#VIDEO,STARTS,20190918,152716645,429192,G2FormationPace,360Video,ERP,3600x1800,10s,29.97fps,QP37,1181k,8bit,H265,,
#VIDEO,ENDS,20190918,152726676,439223,,,,,,,,,,,,
#RATING,STARTS,20190918,152726767,439314,,,,,,,,,,,,
#RATING,ENDS,20190918,152727801,440348,2,1.0337898,G2FormationPace,360Video,ERP,3600x1800,10s,29.97fps,QP37,1181k,8bit,H265
#VIDEO,STARTS,20190918,152727802,440349,G2FormationPace,360Video,ERP,4096x2048,10s,29.97fps,QP22,11921k,8bit,H265,,
#VIDEO,ENDS,20190918,152737834,450381,,,,,,,,,,,,
#RATING,STARTS,20190918,152737942,450489,,,,,,,,,,,,
#RATING,ENDS,20190918,152739272,451820,4,1.3294702,G2FormationPace,360Video,ERP,4096x2048,10s,29.97fps,QP22,11921k,8bit,H265
#VIDEO,STARTS,20190918,152739273,451821,G2FormationPace,360Video,ERP,4096x2048,10s,29.97fps,crf10,48673k,8bit,H265,,
#VIDEO,ENDS,20190918,152749307,461855,,,,,,,,,,,,
#RATING,STARTS,20190918,152749423,461970,,,,,,,,,,,,
#RATING,ENDS,20190918,152750342,462889,4,0.9183985,G2FormationPace,360Video,ERP,4096x2048,10s,29.97fps,crf10,48673k,8bit,H265
#VIDEO,STARTS,20190918,152750344,462891,G2FormationPace,360Video,ERP,3600x1800,10s,29.97fps,QP22,9834k,8bit,H265,,
#VIDEO,ENDS,20190918,152800374,472921,,,,,,,,,,,,
#RATING,STARTS,20190918,152800456,473003,,,,,,,,,,,,
#RATING,ENDS,20190918,152802640,475187,4,2.1838535,G2FormationPace,360Video,ERP,3600x1800,10s,29.97fps,QP22,9834k,8bit,H265
#VIDEO,STARTS,20190918,152802641,475188,G4Alcatraz,360Video,ERP,4096x2048,10s,29.97fps,QP32,10134k,8bit,H265,,
#VIDEO,ENDS,20190918,152812661,485208,,,,,,,,,,,,
#RATING,STARTS,20190918,152812777,485324,,,,,,,,,,,,
#RATING,ENDS,20190918,152813710,486257,3,0.9318456,G4Alcatraz,360Video,ERP,4096x2048,10s,29.97fps,QP32,10134k,8bit,H265
#VIDEO,STARTS,20190918,152813711,486258,G2FormationPace,360Video,ERP,4096x2048,10s,29.97fps,QP42,616k,8bit,H265,,
#VIDEO,ENDS,20190918,152823742,496289,,,,,,,,,,,,
#RATING,STARTS,20190918,152823846,496393,,,,,,,,,,,,
#RATING,ENDS,20190918,152825147,497694,2,1.2992895,G2FormationPace,360Video,ERP,4096x2048,10s,29.97fps,QP42,616k,8bit,H265
#VIDEO,STARTS,20190918,152825149,497696,G4Alcatraz,360Video,ERP,2048x1024,10s,29.97fps,QP42,518k,8bit,H265,,
#VIDEO,ENDS,20190918,152835168,507715,,,,,,,,,,,,
#RATING,STARTS,20190918,152835194,507742,,,,,,,,,,,,
#RATING,ENDS,20190918,152836417,508965,1,1.2229448,G4Alcatraz,360Video,ERP,2048x1024,10s,29.97fps,QP42,518k,8bit,H265
#VIDEO,STARTS,20190918,152836418,508966,G4Alcatraz,360Video,ERP,2048x1024,10s,29.97fps,QP27,6386k,8bit,H265,,
#VIDEO,ENDS,20190918,152846427,518975,,,,,,,,,,,,
#RATING,STARTS,20190918,152846452,518999,,,,,,,,,,,,
#RATING,ENDS,20190918,152847186,519733,3,0.7332877,G4Alcatraz,360Video,ERP,2048x1024,10s,29.97fps,QP27,6386k,8bit,H265
#VIDEO,STARTS,20190918,152847668,520215,G4Alcatraz,360Video,ERP,6144x3072,10s,29.97fps,QP32,17993k,8bit,H265,,
#VIDEO,ENDS,20190918,152857698,530246,,,,,,,,,,,,
#RATING,STARTS,20190918,152857939,530486,,,,,,,,,,,,
#RATING,ENDS,20190918,152858607,531154,4,0.6668712,G4Alcatraz,360Video,ERP,6144x3072,10s,29.97fps,QP32,17993k,8bit,H265
#VIDEO,STARTS,20190918,152858693,531241,G2FormationPace,360Video,ERP,3600x1800,10s,29.97fps,crf10,40026k,8bit,H265,,
#VIDEO,ENDS,20190918,152908735,541282,,,,,,,,,,,,
#RATING,STARTS,20190918,152908819,541366,,,,,,,,,,,,
#RATING,ENDS,20190918,152909692,542239,4,0.8717956,G2FormationPace,360Video,ERP,3600x1800,10s,29.97fps,crf10,40026k,8bit,H265
#VIDEO,STARTS,20190918,152909694,542241,G4Alcatraz,360Video,ERP,3600x1800,10s,29.97fps,QP37,4007k,8bit,H265,,
#VIDEO,ENDS,20190918,152919714,552262,,,,,,,,,,,,
#RATING,STARTS,20190918,152919795,552342,,,,,,,,,,,,
#RATING,ENDS,20190918,152920762,553309,3,0.966499,G4Alcatraz,360Video,ERP,3600x1800,10s,29.97fps,QP37,4007k,8bit,H265
#VIDEO,STARTS,20190918,152921744,554291,G2FormationPace,360Video,ERP,7680x3840,10s,29.97fps,QP22,30206k,8bit,H265,,
#VIDEO,ENDS,20190918,152931766,564313,,,,,,,,,,,,
#RATING,STARTS,20190918,152932148,564695,,,,,,,,,,,,
#RATING,ENDS,20190918,152934690,567238,4,2.5418637,G2FormationPace,360Video,ERP,7680x3840,10s,29.97fps,QP22,30206k,8bit,H265
#VIDEO,STARTS,20190918,152934693,567241,G4Alcatraz,360Video,ERP,6144x3072,10s,29.97fps,QP42,4179k,8bit,H265,,
#VIDEO,ENDS,20190918,152944723,577271,,,,,,,,,,,,
#RATING,STARTS,20190918,152944954,577502,,,,,,,,,,,,
#RATING,ENDS,20190918,152947559,580106,3,2.6036895,G4Alcatraz,360Video,ERP,6144x3072,10s,29.97fps,QP42,4179k,8bit,H265
#VIDEO,STARTS,20190918,152947560,580107,G2FormationPace,360Video,ERP,3600x1800,10s,29.97fps,QP27,5028k,8bit,H265,,
#VIDEO,ENDS,20190918,152957580,590127,,,,,,,,,,,,
#RATING,STARTS,20190918,152957662,590209,,,,,,,,,,,,
#RATING,ENDS,20190918,152958728,591276,3,1.0645178,G2FormationPace,360Video,ERP,3600x1800,10s,29.97fps,QP27,5028k,8bit,H265
#VIDEO,STARTS,20190918,152958729,591277,G4Alcatraz,360Video,ERP,3600x1800,10s,29.97fps,QP42,1641k,8bit,H265,,
#VIDEO,ENDS,20190918,153008760,601307,,,,,,,,,,,,
#RATING,STARTS,20190918,153008838,601385,,,,,,,,,,,,
#RATING,ENDS,20190918,153010100,602648,2,1.2607352,G4Alcatraz,360Video,ERP,3600x1800,10s,29.97fps,QP42,1641k,8bit,H265
#VIDEO,STARTS,20190918,153010101,602649,G4Alcatraz,360Video,ERP,3600x1800,10s,29.97fps,QP27,16033k,8bit,H265,,
#VIDEO,ENDS,20190918,153020132,612679,,,,,,,,,,,,
#RATING,STARTS,20190918,153020212,612759,,,,,,,,,,,,
#RATING,ENDS,20190918,153021101,613648,4,0.8884487,G4Alcatraz,360Video,ERP,3600x1800,10s,29.97fps,QP27,16033k,8bit,H265
#VIDEO,STARTS,20190918,153021102,613649,G2FormationPace,360Video,ERP,2048x1024,10s,29.97fps,QP37,412k,8bit,H265,,
#VIDEO,ENDS,20190918,153031123,623670,,,,,,,,,,,,
#RATING,STARTS,20190918,153031154,623701,,,,,,,,,,,,
#RATING,ENDS,20190918,153032440,624987,2,1.2850712,G2FormationPace,360Video,ERP,2048x1024,10s,29.97fps,QP37,412k,8bit,H265
#VIDEO,STARTS,20190918,153032767,625314,G2FormationPace,360Video,ERP,7680x3840,10s,29.97fps,QP42,1754k,8bit,H265,,
#VIDEO,ENDS,20190918,153042785,635332,,,,,,,,,,,,
#RATING,STARTS,20190918,153043161,635708,,,,,,,,,,,,
#RATING,ENDS,20190918,153044280,636827,3,1.1183137,G2FormationPace,360Video,ERP,7680x3840,10s,29.97fps,QP42,1754k,8bit,H265
#VIDEO,STARTS,20190918,153045031,637578,G2FormationPace,360Video,ERP,7680x3840,10s,29.97fps,QP27,15079k,8bit,H265,,
#VIDEO,ENDS,20190918,153055050,647597,,,,,,,,,,,,
#RATING,STARTS,20190918,153055403,647950,,,,,,,,,,,,
#RATING,ENDS,20190918,153056377,648924,5,0.9729231,G2FormationPace,360Video,ERP,7680x3840,10s,29.97fps,QP27,15079k,8bit,H265
#VIDEO,STARTS,20190918,153056748,649295,G2FormationPace,360Video,ERP,6144x3072,10s,29.97fps,QP22,21564k,8bit,H265,,
#VIDEO,ENDS,20190918,153106767,659314,,,,,,,,,,,,
#RATING,STARTS,20190918,153106996,659543,,,,,,,,,,,,
#RATING,ENDS,20190918,153107869,660416,4,0.8726879,G2FormationPace,360Video,ERP,6144x3072,10s,29.97fps,QP22,21564k,8bit,H265
#VIDEO,STARTS,20190918,153107870,660417,G4Alcatraz,360Video,ERP,4096x2048,10s,29.97fps,QP37,4943k,8bit,H265,,
#VIDEO,ENDS,20190918,153117904,670451,,,,,,,,,,,,
#RATING,STARTS,20190918,153118013,670560,,,,,,,,,,,,
#RATING,ENDS,20190918,153118929,671476,3,0.914939,G4Alcatraz,360Video,ERP,4096x2048,10s,29.97fps,QP37,4943k,8bit,H265
#VIDEO,STARTS,20190918,153119613,672160,G2FormationPace,360Video,ERP,6144x3072,10s,29.97fps,crf10,88060k,8bit,H265,,
#VIDEO,ENDS,20190918,153129631,682178,,,,,,,,,,,,
#RATING,STARTS,20190918,153129859,682407,,,,,,,,,,,,
#RATING,ENDS,20190918,153130902,683449,3,1.0423967,G2FormationPace,360Video,ERP,6144x3072,10s,29.97fps,crf10,88060k,8bit,H265
#VIDEO,STARTS,20190918,153130903,683450,G2FormationPace,360Video,ERP,4096x2048,10s,29.97fps,QP27,6091k,8bit,H265,,
#VIDEO,ENDS,20190918,153140924,693472,,,,,,,,,,,,
#RATING,STARTS,20190918,153141025,693572,,,,,,,,,,,,
#RATING,ENDS,20190918,153141960,694507,4,0.9355912,G2FormationPace,360Video,ERP,4096x2048,10s,29.97fps,QP27,6091k,8bit,H265
#VIDEO,STARTS,20190918,153142375,694922,G4Alcatraz,360Video,ERP,4096x2048,10s,29.97fps,crf10,100813k,8bit,H265,,
#VIDEO,ENDS,20190918,153152395,704942,,,,,,,,,,,,
#RATING,STARTS,20190918,153152504,705051,,,,,,,,,,,,
#RATING,ENDS,20190918,153153276,705824,4,0.7705909,G4Alcatraz,360Video,ERP,4096x2048,10s,29.97fps,crf10,100813k,8bit,H265
#VIDEO,STARTS,20190918,153153345,705892,G4Alcatraz,360Video,ERP,4096x2048,10s,29.97fps,QP22,35367k,8bit,H265,,
#VIDEO,ENDS,20190918,153203364,715911,,,,,,,,,,,,
#RATING,STARTS,20190918,153203470,716017,,,,,,,,,,,,
#RATING,ENDS,20190918,153204433,716980,4,0.9635032,G4Alcatraz,360Video,ERP,4096x2048,10s,29.97fps,QP22,35367k,8bit,H265
#VIDEO,STARTS,20190918,153204434,716981,G10PandaBaseChengdu,360Video,ERP,2048x1024,10s,29.97fps,QP37,242k,8bit,H265,,
#VIDEO,ENDS,20190918,153214456,727003,,,,,,,,,,,,
#RATING,STARTS,20190918,153214479,727026,,,,,,,,,,,,
#RATING,ENDS,20190918,153216699,729246,2,2.2197885,G10PandaBaseChengdu,360Video,ERP,2048x1024,10s,29.97fps,QP37,242k,8bit,H265
#VIDEO,STARTS,20190918,153216701,729248,G9BloomingAppleOrchards,360Video,ERP,2048x1024,10s,29.97fps,QP22,2209k,8bit,H265,,
#VIDEO,ENDS,20190918,153226710,739257,,,,,,,,,,,,
#RATING,STARTS,20190918,153226734,739281,,,,,,,,,,,,
#RATING,ENDS,20190918,153228729,741276,4,1.9941368,G9BloomingAppleOrchards,360Video,ERP,2048x1024,10s,29.97fps,QP22,2209k,8bit,H265
#VIDEO,STARTS,20190918,153228730,741277,G9BloomingAppleOrchards,360Video,ERP,4096x2048,10s,29.97fps,QP37,1437k,8bit,H265,,
#VIDEO,ENDS,20190918,153238739,751286,,,,,,,,,,,,
#RATING,STARTS,20190918,153238837,751385,,,,,,,,,,,,
#RATING,ENDS,20190918,153239942,752489,4,1.104472,G9BloomingAppleOrchards,360Video,ERP,4096x2048,10s,29.97fps,QP37,1437k,8bit,H265
#VIDEO,STARTS,20190918,153239943,752490,G9BloomingAppleOrchards,360Video,ERP,4096x2048,10s,29.97fps,QP27,4925k,8bit,H265,,
#VIDEO,ENDS,20190918,153249966,762514,,,,,,,,,,,,
#RATING,STARTS,20190918,153250073,762620,,,,,,,,,,,,
#RATING,ENDS,20190918,153251247,763795,5,1.1733919,G9BloomingAppleOrchards,360Video,ERP,4096x2048,10s,29.97fps,QP27,4925k,8bit,H265
#VIDEO,STARTS,20190918,153251697,764244,G9BloomingAppleOrchards,360Video,ERP,7680x3840,10s,29.97fps,QP37,3735k,8bit,H265,,
#VIDEO,ENDS,20190918,153301716,774263,,,,,,,,,,,,
#RATING,STARTS,20190918,153302071,774619,,,,,,,,,,,,
#RATING,ENDS,20190918,153302921,775468,4,0.8497543,G9BloomingAppleOrchards,360Video,ERP,7680x3840,10s,29.97fps,QP37,3735k,8bit,H265
#VIDEO,STARTS,20190918,153303426,775973,G10PandaBaseChengdu,360Video,ERP,6144x3072,10s,29.97fps,QP22,22218k,8bit,H265,,
#VIDEO,ENDS,20190918,153313443,785990,,,,,,,,,,,,
#RATING,STARTS,20190918,153313678,786226,,,,,,,,,,,,
#RATING,ENDS,20190918,153314727,787275,5,1.0479804,G10PandaBaseChengdu,360Video,ERP,6144x3072,10s,29.97fps,QP22,22218k,8bit,H265
#VIDEO,STARTS,20190918,153314886,787433,G10PandaBaseChengdu,360Video,ERP,6144x3072,10s,29.97fps,QP32,3199k,8bit,H265,,
#VIDEO,ENDS,20190918,153324906,797453,,,,,,,,,,,,
#RATING,STARTS,20190918,153325145,797692,,,,,,,,,,,,
#RATING,ENDS,20190918,153326332,798879,5,1.1876724,G10PandaBaseChengdu,360Video,ERP,6144x3072,10s,29.97fps,QP32,3199k,8bit,H265
#VIDEO,STARTS,20190918,153326333,798880,G10PandaBaseChengdu,360Video,ERP,6144x3072,10s,29.97fps,QP42,764k,8bit,H265,,
#VIDEO,ENDS,20190918,153336365,808912,,,,,,,,,,,,
#RATING,STARTS,20190918,153336598,809146,,,,,,,,,,,,
#RATING,ENDS,20190918,153337736,810283,3,1.1370432,G10PandaBaseChengdu,360Video,ERP,6144x3072,10s,29.97fps,QP42,764k,8bit,H265
#VIDEO,STARTS,20190918,153337738,810285,G10PandaBaseChengdu,360Video,ERP,4096x2048,10s,29.97fps,QP22,10859k,8bit,H265,,
#VIDEO,ENDS,20190918,153347758,820305,,,,,,,,,,,,
#RATING,STARTS,20190918,153347856,820403,,,,,,,,,,,,
#RATING,ENDS,20190918,153348706,821254,5,0.8495079,G10PandaBaseChengdu,360Video,ERP,4096x2048,10s,29.97fps,QP22,10859k,8bit,H265
#VIDEO,STARTS,20190918,153349290,821837,G9BloomingAppleOrchards,360Video,ERP,6144x3072,10s,29.97fps,QP22,25602k,8bit,H265,,
#VIDEO,ENDS,20190918,153359320,831867,,,,,,,,,,,,
#RATING,STARTS,20190918,153359555,832102,,,,,,,,,,,,
#RATING,ENDS,20190918,153400579,833126,3,1.0229558,G9BloomingAppleOrchards,360Video,ERP,6144x3072,10s,29.97fps,QP22,25602k,8bit,H265
#VIDEO,STARTS,20190918,153401330,833877,G9BloomingAppleOrchards,360Video,ERP,7680x3840,10s,29.97fps,QP32,7728k,8bit,H265,,
#VIDEO,ENDS,20190918,153411348,843895,,,,,,,,,,,,
#RATING,STARTS,20190918,153411712,844259,,,,,,,,,,,,
#RATING,ENDS,20190918,153412686,845233,4,0.9729145,G9BloomingAppleOrchards,360Video,ERP,7680x3840,10s,29.97fps,QP32,7728k,8bit,H265
#VIDEO,STARTS,20190918,153412688,845235,G10PandaBaseChengdu,360Video,ERP,3600x1800,10s,29.97fps,QP32,1289k,8bit,H265,,
#VIDEO,ENDS,20190918,153422698,855245,,,,,,,,,,,,
#RATING,STARTS,20190918,153422783,855330,,,,,,,,,,,,
#RATING,ENDS,20190918,153424047,856594,3,1.2631581,G10PandaBaseChengdu,360Video,ERP,3600x1800,10s,29.97fps,QP32,1289k,8bit,H265
#VIDEO,STARTS,20190918,153424048,856595,G9BloomingAppleOrchards,360Video,ERP,3600x1800,10s,29.97fps,QP37,1169k,8bit,H265,,
#VIDEO,ENDS,20190918,153434068,866616,,,,,,,,,,,,
#RATING,STARTS,20190918,153434144,866691,,,,,,,,,,,,
#RATING,ENDS,20190918,153434938,867485,3,0.7930695,G9BloomingAppleOrchards,360Video,ERP,3600x1800,10s,29.97fps,QP37,1169k,8bit,H265
#VIDEO,STARTS,20190918,153434939,867486,G10PandaBaseChengdu,360Video,ERP,4096x2048,10s,29.97fps,QP27,3988k,8bit,H265,,
#VIDEO,ENDS,20190918,153444947,877494,,,,,,,,,,,,
#RATING,STARTS,20190918,153445055,877602,,,,,,,,,,,,
#RATING,ENDS,20190918,153446096,878643,4,1.0399514,G10PandaBaseChengdu,360Video,ERP,4096x2048,10s,29.97fps,QP27,3988k,8bit,H265
#VIDEO,STARTS,20190918,153446097,878644,G10PandaBaseChengdu,360Video,ERP,4096x2048,10s,29.97fps,QP42,400k,8bit,H265,,
#VIDEO,ENDS,20190918,153456128,888675,,,,,,,,,,,,
#RATING,STARTS,20190918,153456231,888779,,,,,,,,,,,,
#RATING,ENDS,20190918,153457724,890271,2,1.4921411,G10PandaBaseChengdu,360Video,ERP,4096x2048,10s,29.97fps,QP42,400k,8bit,H265
#VIDEO,STARTS,20190918,153457725,890272,G9BloomingAppleOrchards,360Video,ERP,2048x1024,10s,29.97fps,QP27,1270k,8bit,H265,,
#VIDEO,ENDS,20190918,153507756,900303,,,,,,,,,,,,
#RATING,STARTS,20190918,153507778,900325,,,,,,,,,,,,
#RATING,ENDS,20190918,153508894,901441,3,1.1145894,G9BloomingAppleOrchards,360Video,ERP,2048x1024,10s,29.97fps,QP27,1270k,8bit,H265
#VIDEO,STARTS,20190918,153508895,901442,G9BloomingAppleOrchards,360Video,ERP,2048x1024,10s,29.97fps,QP42,200k,8bit,H265,,
#VIDEO,ENDS,20190918,153518904,911451,,,,,,,,,,,,
#RATING,STARTS,20190918,153518928,911475,,,,,,,,,,,,
#RATING,ENDS,20190918,153520064,912612,1,1.1362255,G9BloomingAppleOrchards,360Video,ERP,2048x1024,10s,29.97fps,QP42,200k,8bit,H265
#VIDEO,STARTS,20190918,153520147,912694,G10PandaBaseChengdu,360Video,ERP,6144x3072,10s,29.97fps,QP27,8439k,8bit,H265,,
#VIDEO,ENDS,20190918,153530174,922721,,,,,,,,,,,,
#RATING,STARTS,20190918,153530406,922953,,,,,,,,,,,,
#RATING,ENDS,20190918,153531118,923665,5,0.7115792,G10PandaBaseChengdu,360Video,ERP,6144x3072,10s,29.97fps,QP27,8439k,8bit,H265
#VIDEO,STARTS,20190918,153532199,924746,G10PandaBaseChengdu,360Video,ERP,7680x3840,10s,29.97fps,QP32,4958k,8bit,H265,,
#VIDEO,ENDS,20190918,153542227,934774,,,,,,,,,,,,
#RATING,STARTS,20190918,153542599,935146,,,,,,,,,,,,
#RATING,ENDS,20190918,153543476,936023,5,0.8762147,G10PandaBaseChengdu,360Video,ERP,7680x3840,10s,29.97fps,QP32,4958k,8bit,H265
#VIDEO,STARTS,20190918,153543477,936024,G10PandaBaseChengdu,360Video,ERP,2048x1024,10s,29.97fps,QP42,118k,8bit,H265,,
#VIDEO,ENDS,20190918,153553498,946045,,,,,,,,,,,,
#RATING,STARTS,20190918,153553522,946069,,,,,,,,,,,,
#RATING,ENDS,20190918,153554635,947182,2,1.1103595,G10PandaBaseChengdu,360Video,ERP,2048x1024,10s,29.97fps,QP42,118k,8bit,H265
#VIDEO,STARTS,20190918,153554636,947183,G9BloomingAppleOrchards,360Video,ERP,4096x2048,10s,29.97fps,QP32,2621k,8bit,H265,,
#VIDEO,ENDS,20190918,153604645,957192,,,,,,,,,,,,
#RATING,STARTS,20190918,153604755,957302,,,,,,,,,,,,
#RATING,ENDS,20190918,153605783,958330,5,1.0267722,G9BloomingAppleOrchards,360Video,ERP,4096x2048,10s,29.97fps,QP32,2621k,8bit,H265
#VIDEO,STARTS,20190918,153606701,959248,G10PandaBaseChengdu,360Video,ERP,7680x3840,10s,29.97fps,QP22,27192k,8bit,H265,,
#VIDEO,ENDS,20190918,153616731,969278,,,,,,,,,,,,
#RATING,STARTS,20190918,153617089,969636,,,,,,,,,,,,
#RATING,ENDS,20190918,153618120,970667,5,1.0297526,G10PandaBaseChengdu,360Video,ERP,7680x3840,10s,29.97fps,QP22,27192k,8bit,H265
#VIDEO,STARTS,20190918,153618363,970911,G9BloomingAppleOrchards,360Video,ERP,6144x3072,10s,29.97fps,QP27,10684k,8bit,H265,,
#VIDEO,ENDS,20190918,153628381,980929,,,,,,,,,,,,
#RATING,STARTS,20190918,153628610,981157,,,,,,,,,,,,
#RATING,ENDS,20190918,153629529,982076,5,0.9185262,G9BloomingAppleOrchards,360Video,ERP,6144x3072,10s,29.97fps,QP27,10684k,8bit,H265
#VIDEO,STARTS,20190918,153629530,982077,G9BloomingAppleOrchards,360Video,ERP,4096x2048,10s,29.97fps,QP42,732k,8bit,H265,,
#VIDEO,ENDS,20190918,153639551,992098,,,,,,,,,,,,
#RATING,STARTS,20190918,153639661,992208,,,,,,,,,,,,
#RATING,ENDS,20190918,153641001,993548,2,1.3391256,G9BloomingAppleOrchards,360Video,ERP,4096x2048,10s,29.97fps,QP42,732k,8bit,H265
#VIDEO,STARTS,20190918,153641002,993549,G9BloomingAppleOrchards,360Video,ERP,3600x1800,10s,29.97fps,QP22,7695k,8bit,H265,,
#VIDEO,ENDS,20190918,153651034,1003581,,,,,,,,,,,,
#RATING,STARTS,20190918,153651122,1003669,,,,,,,,,,,,
#RATING,ENDS,20190918,153652036,1004583,4,0.9134619,G9BloomingAppleOrchards,360Video,ERP,3600x1800,10s,29.97fps,QP22,7695k,8bit,H265
#VIDEO,STARTS,20190918,153652038,1004585,G9BloomingAppleOrchards,360Video,ERP,2048x1024,10s,29.97fps,QP37,408k,8bit,H265,,
#VIDEO,ENDS,20190918,153702059,1014606,,,,,,,,,,,,
#RATING,STARTS,20190918,153702082,1014629,,,,,,,,,,,,
#RATING,ENDS,20190918,153703072,1015619,2,0.9898911,G9BloomingAppleOrchards,360Video,ERP,2048x1024,10s,29.97fps,QP37,408k,8bit,H265
#VIDEO,STARTS,20190918,153703073,1015620,G9BloomingAppleOrchards,360Video,ERP,4096x2048,10s,29.97fps,QP22,10304k,8bit,H265,,
#VIDEO,ENDS,20190918,153713105,1025652,,,,,,,,,,,,
#RATING,STARTS,20190918,153713207,1025754,,,,,,,,,,,,
#RATING,ENDS,20190918,153714757,1027305,4,1.5481277,G9BloomingAppleOrchards,360Video,ERP,4096x2048,10s,29.97fps,QP22,10304k,8bit,H265
#VIDEO,STARTS,20190918,153714758,1027306,G9BloomingAppleOrchards,360Video,ERP,4096x2048,10s,29.97fps,crf10,73361k,8bit,H265,,
#VIDEO,ENDS,20190918,153724777,1037324,,,,,,,,,,,,
#RATING,STARTS,20190918,153724880,1037428,,,,,,,,,,,,
#RATING,ENDS,20190918,153725716,1038263,5,0.8348163,G9BloomingAppleOrchards,360Video,ERP,4096x2048,10s,29.97fps,crf10,73361k,8bit,H265
#VIDEO,STARTS,20190918,153725997,1038545,G10PandaBaseChengdu,360Video,ERP,4096x2048,10s,29.97fps,crf10,71459k,8bit,H265,,
#VIDEO,ENDS,20190918,153736015,1048563,,,,,,,,,,,,
#RATING,STARTS,20190918,153736119,1048666,,,,,,,,,,,,
#RATING,ENDS,20190918,153737208,1049756,5,1.0881358,G10PandaBaseChengdu,360Video,ERP,4096x2048,10s,29.97fps,crf10,71459k,8bit,H265
#VIDEO,STARTS,20190918,153737210,1049758,G10PandaBaseChengdu,360Video,ERP,2048x1024,10s,29.97fps,QP22,2760k,8bit,H265,,
#VIDEO,ENDS,20190918,153747217,1059764,,,,,,,,,,,,
#RATING,STARTS,20190918,153747241,1059788,,,,,,,,,,,,
#RATING,ENDS,20190918,153748388,1060935,3,1.147081,G10PandaBaseChengdu,360Video,ERP,2048x1024,10s,29.97fps,QP22,2760k,8bit,H265
#VIDEO,STARTS,20190918,153748389,1060936,G10PandaBaseChengdu,360Video,ERP,2048x1024,10s,29.97fps,crf10,20296k,8bit,H265,,
#VIDEO,ENDS,20190918,153758398,1070945,,,,,,,,,,,,
#RATING,STARTS,20190918,153758422,1070969,,,,,,,,,,,,
#RATING,ENDS,20190918,153759268,1071815,4,0.8443623,G10PandaBaseChengdu,360Video,ERP,2048x1024,10s,29.97fps,crf10,20296k,8bit,H265
#VIDEO,STARTS,20190918,153759269,1071816,G9BloomingAppleOrchards,360Video,ERP,3600x1800,10s,29.97fps,QP42,588k,8bit,H265,,
#VIDEO,ENDS,20190918,153809278,1081825,,,,,,,,,,,,
#RATING,STARTS,20190918,153809358,1081906,,,,,,,,,,,,
#RATING,ENDS,20190918,153810204,1082752,2,0.8450131,G9BloomingAppleOrchards,360Video,ERP,3600x1800,10s,29.97fps,QP42,588k,8bit,H265
#VIDEO,STARTS,20190918,153811045,1083592,G10PandaBaseChengdu,360Video,ERP,7680x3840,10s,29.97fps,QP37,2127k,8bit,H265,,
#VIDEO,ENDS,20190918,153821076,1093623,,,,,,,,,,,,
#RATING,STARTS,20190918,153821430,1093977,,,,,,,,,,,,
#RATING,ENDS,20190918,153822005,1094553,5,0.5738914,G10PandaBaseChengdu,360Video,ERP,7680x3840,10s,29.97fps,QP37,2127k,8bit,H265
#VIDEO,STARTS,20190918,153823041,1095589,G9BloomingAppleOrchards,360Video,ERP,7680x3840,10s,29.97fps,QP42,1964k,8bit,H265,,
#VIDEO,ENDS,20190918,153833070,1105617,,,,,,,,,,,,
#RATING,STARTS,20190918,153833424,1105971,,,,,,,,,,,,
#RATING,ENDS,20190918,153834319,1106866,3,0.8951033,G9BloomingAppleOrchards,360Video,ERP,7680x3840,10s,29.97fps,QP42,1964k,8bit,H265
#VIDEO,STARTS,20190918,153836378,1108925,G9BloomingAppleOrchards,360Video,ERP,7680x3840,10s,29.97fps,crf10,166036k,8bit,H265,,
#VIDEO,ENDS,20190918,153846396,1118943,,,,,,,,,,,,
#RATING,STARTS,20190918,153846765,1119312,,,,,,,,,,,,
#RATING,ENDS,20190918,153847768,1120315,5,1.0023623,G9BloomingAppleOrchards,360Video,ERP,7680x3840,10s,29.97fps,crf10,166036k,8bit,H265
#VIDEO,STARTS,20190918,153848441,1120988,G10PandaBaseChengdu,360Video,ERP,7680x3840,10s,29.97fps,QP42,1084k,8bit,H265,,
#VIDEO,ENDS,20190918,153858460,1131007,,,,,,,,,,,,
#RATING,STARTS,20190918,153858818,1131365,,,,,,,,,,,,
#RATING,ENDS,20190918,153859977,1132525,3,1.1576149,G10PandaBaseChengdu,360Video,ERP,7680x3840,10s,29.97fps,QP42,1084k,8bit,H265
#VIDEO,STARTS,20190918,153859978,1132526,G9BloomingAppleOrchards,360Video,ERP,3600x1800,10s,29.97fps,QP32,2118k,8bit,H265,,
#VIDEO,ENDS,20190918,153909998,1142545,,,,,,,,,,,,
#RATING,STARTS,20190918,153910087,1142635,,,,,,,,,,,,
#RATING,ENDS,20190918,153911002,1143549,3,0.9131234,G9BloomingAppleOrchards,360Video,ERP,3600x1800,10s,29.97fps,QP32,2118k,8bit,H265
#VIDEO,STARTS,20190918,153911003,1143550,G10PandaBaseChengdu,360Video,ERP,2048x1024,10s,29.97fps,QP32,478k,8bit,H265,,
#VIDEO,ENDS,20190918,153921034,1153581,,,,,,,,,,,,
#RATING,STARTS,20190918,153921056,1153604,,,,,,,,,,,,
#RATING,ENDS,20190918,153922204,1154751,2,1.1474229,G10PandaBaseChengdu,360Video,ERP,2048x1024,10s,29.97fps,QP32,478k,8bit,H265
#VIDEO,STARTS,20190918,153923258,1155805,G9BloomingAppleOrchards,360Video,ERP,7680x3840,10s,29.97fps,QP22,43270k,8bit,H265,,
#VIDEO,ENDS,20190918,153933267,1165815,,,,,,,,,,,,
#RATING,STARTS,20190918,153933624,1166172,,,,,,,,,,,,
#RATING,ENDS,20190918,153934263,1166810,4,0.6382658,G9BloomingAppleOrchards,360Video,ERP,7680x3840,10s,29.97fps,QP22,43270k,8bit,H265
#VIDEO,STARTS,20190918,153934796,1167343,G9BloomingAppleOrchards,360Video,ERP,6144x3072,10s,29.97fps,QP32,4971k,8bit,H265,,
#VIDEO,ENDS,20190918,153944803,1177350,,,,,,,,,,,,
#RATING,STARTS,20190918,153945046,1177593,,,,,,,,,,,,
#RATING,ENDS,20190918,153945863,1178410,4,0.8164807,G9BloomingAppleOrchards,360Video,ERP,6144x3072,10s,29.97fps,QP32,4971k,8bit,H265
#VIDEO,STARTS,20190918,153947119,1179666,G10PandaBaseChengdu,360Video,ERP,6144x3072,10s,29.97fps,crf10,130031k,8bit,H265,,
#VIDEO,ENDS,20190918,153957136,1189683,,,,,,,,,,,,
#RATING,STARTS,20190918,153957366,1189913,,,,,,,,,,,,
#RATING,ENDS,20190918,153958875,1191423,4,1.5077576,G10PandaBaseChengdu,360Video,ERP,6144x3072,10s,29.97fps,crf10,130031k,8bit,H265
#VIDEO,STARTS,20190918,153958876,1191424,G10PandaBaseChengdu,360Video,ERP,4096x2048,10s,29.97fps,QP37,782k,8bit,H265,,
#VIDEO,ENDS,20190918,154008897,1201444,,,,,,,,,,,,
#RATING,STARTS,20190918,154009001,1201549,,,,,,,,,,,,
#RATING,ENDS,20190918,154009990,1202537,3,0.9881717,G10PandaBaseChengdu,360Video,ERP,4096x2048,10s,29.97fps,QP37,782k,8bit,H265
#VIDEO,STARTS,20190918,154010835,1203382,G10PandaBaseChengdu,360Video,ERP,7680x3840,10s,29.97fps,QP27,12449k,8bit,H265,,
#VIDEO,ENDS,20190918,154020872,1213419,,,,,,,,,,,,
#RATING,STARTS,20190918,154021229,1213776,,,,,,,,,,,,
#RATING,ENDS,20190918,154022120,1214667,5,0.8906415,G10PandaBaseChengdu,360Video,ERP,7680x3840,10s,29.97fps,QP27,12449k,8bit,H265
#VIDEO,STARTS,20190918,154022121,1214668,G10PandaBaseChengdu,360Video,ERP,3600x1800,10s,29.97fps,QP27,3192k,8bit,H265,,
#VIDEO,ENDS,20190918,154032154,1224701,,,,,,,,,,,,
#RATING,STARTS,20190918,154032231,1224778,,,,,,,,,,,,
#RATING,ENDS,20190918,154033290,1225838,3,1.0587498,G10PandaBaseChengdu,360Video,ERP,3600x1800,10s,29.97fps,QP27,3192k,8bit,H265
#VIDEO,STARTS,20190918,154033291,1225839,G9BloomingAppleOrchards,360Video,ERP,2048x1024,10s,29.97fps,crf10,15842k,8bit,H265,,
#VIDEO,ENDS,20190918,154043312,1235859,,,,,,,,,,,,
#RATING,STARTS,20190918,154043336,1235884,,,,,,,,,,,,
#RATING,ENDS,20190918,154044271,1236818,3,0.9337451,G9BloomingAppleOrchards,360Video,ERP,2048x1024,10s,29.97fps,crf10,15842k,8bit,H265
#VIDEO,STARTS,20190918,154044451,1236998,G10PandaBaseChengdu,360Video,ERP,6144x3072,10s,29.97fps,QP37,1481k,8bit,H265,,
#VIDEO,ENDS,20190918,154054469,1247016,,,,,,,,,,,,
#RATING,STARTS,20190918,154054706,1247253,,,,,,,,,,,,
#RATING,ENDS,20190918,154055614,1248161,4,0.9063852,G10PandaBaseChengdu,360Video,ERP,6144x3072,10s,29.97fps,QP37,1481k,8bit,H265
#VIDEO,STARTS,20190918,154055800,1248348,G9BloomingAppleOrchards,360Video,ERP,6144x3072,10s,29.97fps,QP37,2635k,8bit,H265,,
#VIDEO,ENDS,20190918,154105818,1258365,,,,,,,,,,,,
#RATING,STARTS,20190918,154106056,1258603,,,,,,,,,,,,
#RATING,ENDS,20190918,154106879,1259426,4,0.8218849,G9BloomingAppleOrchards,360Video,ERP,6144x3072,10s,29.97fps,QP37,2635k,8bit,H265
#VIDEO,STARTS,20190918,154107151,1259698,G9BloomingAppleOrchards,360Video,ERP,6144x3072,10s,29.97fps,QP42,1404k,8bit,H265,,
#VIDEO,ENDS,20190918,154117157,1269705,,,,,,,,,,,,
#RATING,STARTS,20190918,154117392,1269939,,,,,,,,,,,,
#RATING,ENDS,20190918,154118126,1270674,3,0.7327219,G9BloomingAppleOrchards,360Video,ERP,6144x3072,10s,29.97fps,QP42,1404k,8bit,H265
#VIDEO,STARTS,20190918,154118127,1270675,G10PandaBaseChengdu,360Video,ERP,4096x2048,10s,29.97fps,QP32,1587k,8bit,H265,,
#VIDEO,ENDS,20190918,154128147,1280694,,,,,,,,,,,,
#RATING,STARTS,20190918,154128265,1280813,,,,,,,,,,,,
#RATING,ENDS,20190918,154129184,1281731,3,0.918366,G10PandaBaseChengdu,360Video,ERP,4096x2048,10s,29.97fps,QP32,1587k,8bit,H265
#VIDEO,STARTS,20190918,154129186,1281733,G10PandaBaseChengdu,360Video,ERP,2048x1024,10s,29.97fps,QP27,1081k,8bit,H265,,
#VIDEO,ENDS,20190918,154139194,1291741,,,,,,,,,,,,
#RATING,STARTS,20190918,154139227,1291774,,,,,,,,,,,,
#RATING,ENDS,20190918,154140165,1292713,3,0.9359129,G10PandaBaseChengdu,360Video,ERP,2048x1024,10s,29.97fps,QP27,1081k,8bit,H265
#VIDEO,STARTS,20190918,154141419,1293966,G9BloomingAppleOrchards,360Video,ERP,6144x3072,10s,29.97fps,crf10,151287k,8bit,H265,,
#VIDEO,ENDS,20190918,154151447,1303994,,,,,,,,,,,,
#RATING,STARTS,20190918,154151684,1304231,,,,,,,,,,,,
#RATING,ENDS,20190918,154152965,1305512,4,1.2795706,G9BloomingAppleOrchards,360Video,ERP,6144x3072,10s,29.97fps,crf10,151287k,8bit,H265
#VIDEO,STARTS,20190918,154152966,1305513,G10PandaBaseChengdu,360Video,ERP,3600x1800,10s,29.97fps,QP22,8661k,8bit,H265,,
#VIDEO,ENDS,20190918,154202987,1315534,,,,,,,,,,,,
#RATING,STARTS,20190918,154203068,1315616,,,,,,,,,,,,
#RATING,ENDS,20190918,154203945,1316492,4,0.8771952,G10PandaBaseChengdu,360Video,ERP,3600x1800,10s,29.97fps,QP22,8661k,8bit,H265
#VIDEO,STARTS,20190918,154205056,1317603,G9BloomingAppleOrchards,360Video,ERP,7680x3840,10s,29.97fps,QP27,19085k,8bit,H265,,
#VIDEO,ENDS,20190918,154215083,1327631,,,,,,,,,,,,
#RATING,STARTS,20190918,154215451,1327999,,,,,,,,,,,,
#RATING,ENDS,20190918,154216343,1328891,5,0.8920145,G9BloomingAppleOrchards,360Video,ERP,7680x3840,10s,29.97fps,QP27,19085k,8bit,H265
#VIDEO,STARTS,20190918,154216446,1328993,G9BloomingAppleOrchards,360Video,ERP,3600x1800,10s,29.97fps,crf10,56318k,8bit,H265,,
#VIDEO,ENDS,20190918,154226476,1339023,,,,,,,,,,,,
#RATING,STARTS,20190918,154226553,1339100,,,,,,,,,,,,
#RATING,ENDS,20190918,154227241,1339788,4,0.688699,G9BloomingAppleOrchards,360Video,ERP,3600x1800,10s,29.97fps,crf10,56318k,8bit,H265
#VIDEO,STARTS,20190918,154227242,1339789,G10PandaBaseChengdu,360Video,ERP,3600x1800,10s,29.97fps,QP37,650k,8bit,H265,,
#VIDEO,ENDS,20190918,154237267,1349814,,,,,,,,,,,,
#RATING,STARTS,20190918,154237348,1349895,,,,,,,,,,,,
#RATING,ENDS,20190918,154238292,1350839,3,0.9431733,G10PandaBaseChengdu,360Video,ERP,3600x1800,10s,29.97fps,QP37,650k,8bit,H265
#VIDEO,STARTS,20190918,154238294,1350841,G10PandaBaseChengdu,360Video,ERP,3600x1800,10s,29.97fps,crf10,57958k,8bit,H265,,
#VIDEO,ENDS,20190918,154248313,1360860,,,,,,,,,,,,
#RATING,STARTS,20190918,154248393,1360940,,,,,,,,,,,,
#RATING,ENDS,20190918,154249562,1362110,4,1.1685739,G10PandaBaseChengdu,360Video,ERP,3600x1800,10s,29.97fps,crf10,57958k,8bit,H265
#VIDEO,STARTS,20190918,154249564,1362112,G9BloomingAppleOrchards,360Video,ERP,2048x1024,10s,29.97fps,QP32,739k,8bit,H265,,
#VIDEO,ENDS,20190918,154259596,1372144,,,,,,,,,,,,
#RATING,STARTS,20190918,154259620,1372168,,,,,,,,,,,,
#RATING,ENDS,20190918,154300353,1372900,2,0.731795,G9BloomingAppleOrchards,360Video,ERP,2048x1024,10s,29.97fps,QP32,739k,8bit,H265
#VIDEO,STARTS,20190918,154302367,1374914,G10PandaBaseChengdu,360Video,ERP,7680x3840,10s,29.97fps,crf10,136685k,8bit,H265,,
#VIDEO,ENDS,20190918,154312384,1384931,,,,,,,,,,,,
#RATING,STARTS,20190918,154312743,1385290,,,,,,,,,,,,
#RATING,ENDS,20190918,154313678,1386225,5,0.9334669,G10PandaBaseChengdu,360Video,ERP,7680x3840,10s,29.97fps,crf10,136685k,8bit,H265
#VIDEO,STARTS,20190918,154313679,1386226,G10PandaBaseChengdu,360Video,ERP,3600x1800,10s,29.97fps,QP42,335k,8bit,H265,,
#VIDEO,ENDS,20190918,154323689,1396236,,,,,,,,,,,,
#RATING,STARTS,20190918,154323770,1396317,,,,,,,,,,,,
#RATING,ENDS,20190918,154324792,1397339,2,1.0203281,G10PandaBaseChengdu,360Video,ERP,3600x1800,10s,29.97fps,QP42,335k,8bit,H265
#VIDEO,STARTS,20190918,154324794,1397341,G9BloomingAppleOrchards,360Video,ERP,3600x1800,10s,29.97fps,QP27,3858k,8bit,H265,,
#VIDEO,ENDS,20190918,154334826,1407373,,,,,,,,,,,,
#RATING,STARTS,20190918,154334906,1407453,,,,,,,,,,,,
#RATING,ENDS,20190918,154335929,1408476,4,1.0214975,G9BloomingAppleOrchards,360Video,ERP,3600x1800,10s,29.97fps,QP27,3858k,8bit,H265
#EXPERIMENT,ENDS,20190918,154336917,1409464,1385.760704,,,,,,,,,,,
#SUVERY,STARTS,20190918,154406157,26299,,,,,,,,,,,,
#SUVERY,ENDS,20190918,154438649,58791,,,,,,,,,,,,